dataset,format,input_path,input_name,err,t,pipeline,p_flag,grouping,algorithm,backend,n_terms,n_pauli_strings,splitting_r,lambda,relaxation_factor,ok,wall_s,qubits,gates_in_total,gates_in_H,gates_in_X,gates_in_Rzq,gates_in_CX,gates_in_json,gates_opt_total,gates_opt_U1,gates_opt_U2,gates_opt_U3,gates_opt_CX,gates_opt_json,stdout_tail,stderr_tail
MarQSim_dataset,marqsim,/Users/jbg/Development/particleSystem/QBlue_Benchmark_Datasets/MarQSim_dataset/_Pauli_string_Ar.txt,_Pauli_string_Ar.txt,0.5,0.01,std,0,none,Trotterization (1st-order),IBMDigital,60,120,2,,1.349859,True,0.070427,8,1080,288,0,264,528,"{""CX"": 528, ""H"": 288, ""Rzq"": 264, ""X"": 0}",561,84,92,0,385,"{""CX"": 385, ""U1"": 84, ""U2"": 92, ""U3"": 0}",Start analyze_one_circuit\nBefore lexing\nafter lexing\nbefore parser\nafter parser\nAfter parserAfter getting qubit 8\ndecompose to full gate set\ndecompose to voqc\nconvert to rzq\n,"[DBG] Expected error: 0.500000;   t: 0.010000\n[DBG] Analyzing /Users/jbg/Development/particleSystem/QBlue_Benchmark_Datasets/MarQSim_dataset/_Pauli_string_Ar.txt:\n[DBG] Length of Pauli String 60\n\n[DBG] ---- Trotterization (1st-order) -> IBMDigital circuits: ----\n[DBG] Dealing with 120 pauli strings; relaxation factor: 1.349859; splitting r: 2.\n[DBG] Input circuit uses 8 qubits, has 1080 gates:  { H : 288, X : 0, Rzq : 264, CX : 528 }.\n[DBG] After optimization, the circuit uses 561 gates : { U1 : 84, U2 : 92, U3 : 0, CX : 385 }.\n\n"
MarQSim_dataset,marqsim,/Users/jbg/Development/particleSystem/QBlue_Benchmark_Datasets/MarQSim_dataset/_Pauli_string_Ar.txt,_Pauli_string_Ar.txt,0.5,0.01,qdrift,1,none,Trotterization (QDrift),IBMDigital,60,2,,14.603033,1.157231,True,0.024351,8,1,0,0,1,0,"{""CX"": 0, ""H"": 0, ""Rzq"": 1, ""X"": 0}",1,1,0,0,0,"{""CX"": 0, ""U1"": 1, ""U2"": 0, ""U3"": 0}",Start analyze_one_circuit\nBefore lexing\nafter lexing\nbefore parser\nafter parser\nAfter parserAfter getting qubit 8\ndecompose to full gate set\ndecompose to voqc\nconvert to rzq\n,"[DBG] Expected error: 0.500000;   t: 0.010000\n[DBG] Analyzing /Users/jbg/Development/particleSystem/QBlue_Benchmark_Datasets/MarQSim_dataset/_Pauli_string_Ar.txt:\n[DBG] Length of Pauli String 60\n\n[DBG] ---- Trotterization (QDrift) -> IBMDigital circuits: ----\n[DBG] Dealing with 2 pauli strings; lambda = 14.603033; relaxation factor: 1.157231.\n[DBG] Input circuit uses 8 qubits, has 1 gates:  { H : 0, X : 0, Rzq : 1, CX : 0 }.\n[DBG] After optimization, the circuit uses 1 gates : { U1 : 1, U2 : 0, U3 : 0, CX : 0 }.\n\n"
MarQSim_dataset,marqsim,/Users/jbg/Development/particleSystem/QBlue_Benchmark_Datasets/MarQSim_dataset/_Pauli_string_Cl-.txt,_Pauli_string_Cl-.txt,0.5,0.01,std,0,none,Trotterization (1st-order),IBMDigital,60,120,2,,1.349859,True,0.033611,8,1080,288,0,264,528,"{""CX"": 528, ""H"": 288, ""Rzq"": 264, ""X"": 0}",561,84,92,0,385,"{""CX"": 385, ""U1"": 84, ""U2"": 92, ""U3"": 0}",Start analyze_one_circuit\nBefore lexing\nafter lexing\nbefore parser\nafter parser\nAfter parserAfter getting qubit 8\ndecompose to full gate set\ndecompose to voqc\nconvert to rzq\n,"[DBG] Expected error: 0.500000;   t: 0.010000\n[DBG] Analyzing /Users/jbg/Development/particleSystem/QBlue_Benchmark_Datasets/MarQSim_dataset/_Pauli_string_Cl-.txt:\n[DBG] Length of Pauli String 60\n\n[DBG] ---- Trotterization (1st-order) -> IBMDigital circuits: ----\n[DBG] Dealing with 120 pauli strings; relaxation factor: 1.349859; splitting r: 2.\n[DBG] Input circuit uses 8 qubits, has 1080 gates:  { H : 288, X : 0, Rzq : 264, CX : 528 }.\n[DBG] After optimization, the circuit uses 561 gates : { U1 : 84, U2 : 92, U3 : 0, CX : 385 }.\n\n"
MarQSim_dataset,marqsim,/Users/jbg/Development/particleSystem/QBlue_Benchmark_Datasets/MarQSim_dataset/_Pauli_string_Cl-.txt,_Pauli_string_Cl-.txt,0.5,0.01,qdrift,1,none,Trotterization (QDrift),IBMDigital,60,2,,11.12888,1.117718,True,0.025085,8,1,0,0,1,0,"{""CX"": 0, ""H"": 0, ""Rzq"": 1, ""X"": 0}",1,1,0,0,0,"{""CX"": 0, ""U1"": 1, ""U2"": 0, ""U3"": 0}",Start analyze_one_circuit\nBefore lexing\nafter lexing\nbefore parser\nafter parser\nAfter parserAfter getting qubit 8\ndecompose to full gate set\ndecompose to voqc\nconvert to rzq\n,"[DBG] Expected error: 0.500000;   t: 0.010000\n[DBG] Analyzing /Users/jbg/Development/particleSystem/QBlue_Benchmark_Datasets/MarQSim_dataset/_Pauli_string_Cl-.txt:\n[DBG] Length of Pauli String 60\n\n[DBG] ---- Trotterization (QDrift) -> IBMDigital circuits: ----\n[DBG] Dealing with 2 pauli strings; lambda = 11.128880; relaxation factor: 1.117718.\n[DBG] Input circuit uses 8 qubits, has 1 gates:  { H : 0, X : 0, Rzq : 1, CX : 0 }.\n[DBG] After optimization, the circuit uses 1 gates : { U1 : 1, U2 : 0, U3 : 0, CX : 0 }.\n\n"
MarQSim_dataset,marqsim,/Users/jbg/Development/particleSystem/QBlue_Benchmark_Datasets/MarQSim_dataset/_Pauli_string_Na+.txt,_Pauli_string_Na+.txt,0.5,0.01,std,0,none,Trotterization (1st-order),IBMDigital,60,120,2,,1.349859,True,0.033976,8,1080,288,0,264,528,"{""CX"": 528, ""H"": 288, ""Rzq"": 264, ""X"": 0}",561,84,92,0,385,"{""CX"": 385, ""U1"": 84, ""U2"": 92, ""U3"": 0}",Start analyze_one_circuit\nBefore lexing\nafter lexing\nbefore parser\nafter parser\nAfter parserAfter getting qubit 8\ndecompose to full gate set\ndecompose to voqc\nconvert to rzq\n,"[DBG] Expected error: 0.500000;   t: 0.010000\n[DBG] Analyzing /Users/jbg/Development/particleSystem/QBlue_Benchmark_Datasets/MarQSim_dataset/_Pauli_string_Na+.txt:\n[DBG] Length of Pauli String 60\n\n[DBG] ---- Trotterization (1st-order) -> IBMDigital circuits: ----\n[DBG] Dealing with 120 pauli strings; relaxation factor: 1.349859; splitting r: 2.\n[DBG] Input circuit uses 8 qubits, has 1080 gates:  { H : 288, X : 0, Rzq : 264, CX : 528 }.\n[DBG] After optimization, the circuit uses 561 gates : { U1 : 84, U2 : 92, U3 : 0, CX : 385 }.\n\n"
MarQSim_dataset,marqsim,/Users/jbg/Development/particleSystem/QBlue_Benchmark_Datasets/MarQSim_dataset/_Pauli_string_Na+.txt,_Pauli_string_Na+.txt,0.5,0.01,qdrift,1,none,Trotterization (QDrift),IBMDigital,60,2,,10.45621,1.110224,True,0.024089,8,1,0,0,1,0,"{""CX"": 0, ""H"": 0, ""Rzq"": 1, ""X"": 0}",1,1,0,0,0,"{""CX"": 0, ""U1"": 1, ""U2"": 0, ""U3"": 0}",Start analyze_one_circuit\nBefore lexing\nafter lexing\nbefore parser\nafter parser\nAfter parserAfter getting qubit 8\ndecompose to full gate set\ndecompose to voqc\nconvert to rzq\n,"[DBG] Expected error: 0.500000;   t: 0.010000\n[DBG] Analyzing /Users/jbg/Development/particleSystem/QBlue_Benchmark_Datasets/MarQSim_dataset/_Pauli_string_Na+.txt:\n[DBG] Length of Pauli String 60\n\n[DBG] ---- Trotterization (QDrift) -> IBMDigital circuits: ----\n[DBG] Dealing with 2 pauli strings; lambda = 10.456210; relaxation factor: 1.110224.\n[DBG] Input circuit uses 8 qubits, has 1 gates:  { H : 0, X : 0, Rzq : 1, CX : 0 }.\n[DBG] After optimization, the circuit uses 1 gates : { U1 : 1, U2 : 0, U3 : 0, CX : 0 }.\n\n"
MarQSim_dataset,marqsim,/Users/jbg/Development/particleSystem/QBlue_Benchmark_Datasets/MarQSim_dataset/_Pauli_string_SYK1.txt,_Pauli_string_SYK1.txt,0.5,0.01,std,0,none,Trotterization (1st-order),IBMDigital,210,2520,12,,1.191246,True,3.832482,8,42528,13320,0,9432,19776,"{""CX"": 19776, ""H"": 13320, ""Rzq"": 9432, ""X"": 0}",26126,2291,5362,25,18448,"{""CX"": 18448, ""U1"": 2291, ""U2"": 5362, ""U3"": 25}",Start analyze_one_circuit\nBefore lexing\nafter lexing\nbefore parser\nafter parser\nAfter parserAfter getting qubit 8\ndecompose to full gate set\ndecompose to voqc\nconvert to rzq\n,"[DBG] Expected error: 0.500000;   t: 0.010000\n[DBG] Analyzing /var/folders/8l/ycc5vbn93_56mddr52w8zp040000gn/T/qblue_bench_xi0c9l82/_Pauli_string_SYK1.768984afcc13.unix.txt:\n[DBG] Length of Pauli String 210\n\n[DBG] ---- Trotterization (1st-order) -> IBMDigital circuits: ----\n[DBG] Dealing with 2520 pauli strings; relaxation factor: 1.191246; splitting r: 12.\n[DBG] Input circuit uses 8 qubits, has 42528 gates:  { H : 13320, X : 0, Rzq : 9432, CX : 19776 }.\n[DBG] After optimization, the circuit uses 26126 gates : { U1 : 2291, U2 : 5362, U3 : 25, CX : 18448 }.\n\n"
MarQSim_dataset,marqsim,/Users/jbg/Development/particleSystem/QBlue_Benchmark_Datasets/MarQSim_dataset/_Pauli_string_SYK1.txt,_Pauli_string_SYK1.txt,0.5,0.01,qdrift,1,none,Trotterization (QDrift),IBMDigital,210,8,,104.141124,1.297388,True,0.025689,8,129,44,0,29,56,"{""CX"": 56, ""H"": 44, ""Rzq"": 29, ""X"": 0}",100,8,18,0,74,"{""CX"": 74, ""U1"": 8, ""U2"": 18, ""U3"": 0}",Start analyze_one_circuit\nBefore lexing\nafter lexing\nbefore parser\nafter parser\nAfter parserAfter getting qubit 8\ndecompose to full gate set\ndecompose to voqc\nconvert to rzq\n,"[DBG] Expected error: 0.500000;   t: 0.010000\n[DBG] Analyzing /var/folders/8l/ycc5vbn93_56mddr52w8zp040000gn/T/qblue_bench_xi0c9l82/_Pauli_string_SYK1.768984afcc13.unix.txt:\n[DBG] Length of Pauli String 210\n\n[DBG] ---- Trotterization (QDrift) -> IBMDigital circuits: ----\n[DBG] Dealing with 8 pauli strings; lambda = 104.141124; relaxation factor: 1.297388.\n[DBG] Input circuit uses 8 qubits, has 129 gates:  { H : 44, X : 0, Rzq : 29, CX : 56 }.\n[DBG] After optimization, the circuit uses 100 gates : { U1 : 8, U2 : 18, U3 : 0, CX : 74 }.\n\n"
MarQSim_dataset,marqsim,/Users/jbg/Development/particleSystem/QBlue_Benchmark_Datasets/MarQSim_dataset/_Pauli_string_SYK2.txt,_Pauli_string_SYK2.txt,0.5,0.01,std,0,none,Trotterization (1st-order),IBMDigital,210,2520,12,,1.191246,True,7.431387,10,34128,11160,0,8136,14832,"{""CX"": 14832, ""H"": 11160, ""Rzq"": 8136, ""X"": 0}",6961,1812,1141,432,3576,"{""CX"": 3576, ""U1"": 1812, ""U2"": 1141, ""U3"": 432}",Start analyze_one_circuit\nBefore lexing\nafter lexing\nbefore parser\nafter parser\nAfter parserAfter getting qubit 10\ndecompose to full gate set\ndecompose to voqc\nconvert to rzq\n,"[DBG] Expected error: 0.500000;   t: 0.010000\n[DBG] Analyzing /var/folders/8l/ycc5vbn93_56mddr52w8zp040000gn/T/qblue_bench_xi0c9l82/_Pauli_string_SYK2.4c135e6ff830.unix.txt:\n[DBG] Length of Pauli String 210\n\n[DBG] ---- Trotterization (1st-order) -> IBMDigital circuits: ----\n[DBG] Dealing with 2520 pauli strings; relaxation factor: 1.191246; splitting r: 12.\n[DBG] Input circuit uses 10 qubits, has 34128 gates:  { H : 11160, X : 0, Rzq : 8136, CX : 14832 }.\n[DBG] After optimization, the circuit uses 6961 gates : { U1 : 1812, U2 : 1141, U3 : 432, CX : 3576 }.\n\n"
MarQSim_dataset,marqsim,/Users/jbg/Development/particleSystem/QBlue_Benchmark_Datasets/MarQSim_dataset/_Pauli_string_SYK2.txt,_Pauli_string_SYK2.txt,0.5,0.01,qdrift,1,none,Trotterization (QDrift),IBMDigital,210,8,,108.410952,1.311311,True,0.025903,10,109,38,0,31,40,"{""CX"": 40, ""H"": 38, ""Rzq"": 31, ""X"": 0}",23,9,2,0,12,"{""CX"": 12, ""U1"": 9, ""U2"": 2, ""U3"": 0}",Start analyze_one_circuit\nBefore lexing\nafter lexing\nbefore parser\nafter parser\nAfter parserAfter getting qubit 10\ndecompose to full gate set\ndecompose to voqc\nconvert to rzq\n,"[DBG] Expected error: 0.500000;   t: 0.010000\n[DBG] Analyzing /var/folders/8l/ycc5vbn93_56mddr52w8zp040000gn/T/qblue_bench_xi0c9l82/_Pauli_string_SYK2.4c135e6ff830.unix.txt:\n[DBG] Length of Pauli String 210\n\n[DBG] ---- Trotterization (QDrift) -> IBMDigital circuits: ----\n[DBG] Dealing with 8 pauli strings; lambda = 108.410952; relaxation factor: 1.311311.\n[DBG] Input circuit uses 10 qubits, has 109 gates:  { H : 38, X : 0, Rzq : 31, CX : 40 }.\n[DBG] After optimization, the circuit uses 23 gates : { U1 : 9, U2 : 2, U3 : 0, CX : 12 }.\n\n"
MarQSim_dataset,marqsim,/Users/jbg/Development/particleSystem/QBlue_Benchmark_Datasets/MarQSim_dataset/_Pauli_string_HF.txt,_Pauli_string_HF.txt,0.5,0.01,std,0,none,Trotterization (1st-order),IBMDigital,275,5500,20,,1.147402,True,14.535314,10,72780,19120,0,15060,38600,"{""CX"": 38600, ""H"": 19120, ""Rzq"": 15060, ""X"": 0}",26365,3772,5536,119,16938,"{""CX"": 16938, ""U1"": 3772, ""U2"": 5536, ""U3"": 119}",Start analyze_one_circuit\nBefore lexing\nafter lexing\nbefore parser\nafter parser\nAfter parserAfter getting qubit 10\ndecompose to full gate set\ndecompose to voqc\nconvert to rzq\n,"[DBG] Expected error: 0.500000;   t: 0.010000\n[DBG] Analyzing /Users/jbg/Development/particleSystem/QBlue_Benchmark_Datasets/MarQSim_dataset/_Pauli_string_HF.txt:\n[DBG] Length of Pauli String 275\n\n[DBG] ---- Trotterization (1st-order) -> IBMDigital circuits: ----\n[DBG] Dealing with 5500 pauli strings; relaxation factor: 1.147402; splitting r: 20.\n[DBG] Input circuit uses 10 qubits, has 72780 gates:  { H : 19120, X : 0, Rzq : 15060, CX : 38600 }.\n[DBG] After optimization, the circuit uses 26365 gates : { U1 : 3772, U2 : 5536, U3 : 119, CX : 16938 }.\n\n"
MarQSim_dataset,marqsim,/Users/jbg/Development/particleSystem/QBlue_Benchmark_Datasets/MarQSim_dataset/_Pauli_string_HF.txt,_Pauli_string_HF.txt,0.5,0.01,qdrift,1,none,Trotterization (QDrift),IBMDigital,275,2,,24.424906,1.276662,True,0.025809,10,3,0,0,1,2,"{""CX"": 2, ""H"": 0, ""Rzq"": 1, ""X"": 0}",6,1,0,0,5,"{""CX"": 5, ""U1"": 1, ""U2"": 0, ""U3"": 0}",Start analyze_one_circuit\nBefore lexing\nafter lexing\nbefore parser\nafter parser\nAfter parserAfter getting qubit 10\ndecompose to full gate set\ndecompose to voqc\nconvert to rzq\n,"[DBG] Expected error: 0.500000;   t: 0.010000\n[DBG] Analyzing /Users/jbg/Development/particleSystem/QBlue_Benchmark_Datasets/MarQSim_dataset/_Pauli_string_HF.txt:\n[DBG] Length of Pauli String 275\n\n[DBG] ---- Trotterization (QDrift) -> IBMDigital circuits: ----\n[DBG] Dealing with 2 pauli strings; lambda = 24.424906; relaxation factor: 1.276662.\n[DBG] Input circuit uses 10 qubits, has 3 gates:  { H : 0, X : 0, Rzq : 1, CX : 2 }.\n[DBG] After optimization, the circuit uses 6 gates : { U1 : 1, U2 : 0, U3 : 0, CX : 5 }.\n\n"
MarQSim_dataset,marqsim,/Users/jbg/Development/particleSystem/QBlue_Benchmark_Datasets/MarQSim_dataset/_Pauli_string_OH-.txt,_Pauli_string_OH-.txt,0.5,0.01,std,0,none,Trotterization (1st-order),IBMDigital,275,5500,20,,1.147402,True,13.707799,10,72380,19280,0,15140,37960,"{""CX"": 37960, ""H"": 19280, ""Rzq"": 15140, ""X"": 0}",29285,4203,6216,79,18787,"{""CX"": 18787, ""U1"": 4203, ""U2"": 6216, ""U3"": 79}",Start analyze_one_circuit\nBefore lexing\nafter lexing\nbefore parser\nafter parser\nAfter parserAfter getting qubit 10\ndecompose to full gate set\ndecompose to voqc\nconvert to rzq\n,"[DBG] Expected error: 0.500000;   t: 0.010000\n[DBG] Analyzing /Users/jbg/Development/particleSystem/QBlue_Benchmark_Datasets/MarQSim_dataset/_Pauli_string_OH-.txt:\n[DBG] Length of Pauli String 275\n\n[DBG] ---- Trotterization (1st-order) -> IBMDigital circuits: ----\n[DBG] Dealing with 5500 pauli strings; relaxation factor: 1.147402; splitting r: 20.\n[DBG] Input circuit uses 10 qubits, has 72380 gates:  { H : 19280, X : 0, Rzq : 15140, CX : 37960 }.\n[DBG] After optimization, the circuit uses 29285 gates : { U1 : 4203, U2 : 6216, U3 : 79, CX : 18787 }.\n\n"
MarQSim_dataset,marqsim,/Users/jbg/Development/particleSystem/QBlue_Benchmark_Datasets/MarQSim_dataset/_Pauli_string_OH-.txt,_Pauli_string_OH-.txt,0.5,0.01,qdrift,1,none,Trotterization (QDrift),IBMDigital,275,2,,18.581708,1.204202,True,0.025837,10,12,2,0,4,6,"{""CX"": 6, ""H"": 2, ""Rzq"": 4, ""X"": 0}",7,1,0,1,5,"{""CX"": 5, ""U1"": 1, ""U2"": 0, ""U3"": 1}",Start analyze_one_circuit\nBefore lexing\nafter lexing\nbefore parser\nafter parser\nAfter parserAfter getting qubit 10\ndecompose to full gate set\ndecompose to voqc\nconvert to rzq\n,"[DBG] Expected error: 0.500000;   t: 0.010000\n[DBG] Analyzing /Users/jbg/Development/particleSystem/QBlue_Benchmark_Datasets/MarQSim_dataset/_Pauli_string_OH-.txt:\n[DBG] Length of Pauli String 275\n\n[DBG] ---- Trotterization (QDrift) -> IBMDigital circuits: ----\n[DBG] Dealing with 2 pauli strings; lambda = 18.581708; relaxation factor: 1.204202.\n[DBG] Input circuit uses 10 qubits, has 12 gates:  { H : 2, X : 0, Rzq : 4, CX : 6 }.\n[DBG] After optimization, the circuit uses 7 gates : { U1 : 1, U2 : 0, U3 : 1, CX : 5 }.\n\n"
MarQSim_dataset,marqsim,/Users/jbg/Development/particleSystem/QBlue_Benchmark_Datasets/MarQSim_dataset/_Pauli_string_LiH_f.txt,_Pauli_string_LiH_f.txt,0.5,0.01,std,0,none,Trotterization (1st-order),IBMDigital,275,5500,20,,1.147402,True,12.690753,10,72780,19120,0,15060,38600,"{""CX"": 38600, ""H"": 19120, ""Rzq"": 15060, ""X"": 0}",26365,3772,5536,119,16938,"{""CX"": 16938, ""U1"": 3772, ""U2"": 5536, ""U3"": 119}",Start analyze_one_circuit\nBefore lexing\nafter lexing\nbefore parser\nafter parser\nAfter parserAfter getting qubit 10\ndecompose to full gate set\ndecompose to voqc\nconvert to rzq\n,"[DBG] Expected error: 0.500000;   t: 0.010000\n[DBG] Analyzing /Users/jbg/Development/particleSystem/QBlue_Benchmark_Datasets/MarQSim_dataset/_Pauli_string_LiH_f.txt:\n[DBG] Length of Pauli String 275\n\n[DBG] ---- Trotterization (1st-order) -> IBMDigital circuits: ----\n[DBG] Dealing with 5500 pauli strings; relaxation factor: 1.147402; splitting r: 20.\n[DBG] Input circuit uses 10 qubits, has 72780 gates:  { H : 19120, X : 0, Rzq : 15060, CX : 38600 }.\n[DBG] After optimization, the circuit uses 26365 gates : { U1 : 3772, U2 : 5536, U3 : 119, CX : 16938 }.\n\n"
MarQSim_dataset,marqsim,/Users/jbg/Development/particleSystem/QBlue_Benchmark_Datasets/MarQSim_dataset/_Pauli_string_LiH_f.txt,_Pauli_string_LiH_f.txt,0.5,0.01,qdrift,1,none,Trotterization (QDrift),IBMDigital,275,2,,8.894264,1.093018,True,0.026083,10,16,4,0,6,6,"{""CX"": 6, ""H"": 4, ""Rzq"": 6, ""X"": 0}",11,2,2,0,7,"{""CX"": 7, ""U1"": 2, ""U2"": 2, ""U3"": 0}",Start analyze_one_circuit\nBefore lexing\nafter lexing\nbefore parser\nafter parser\nAfter parserAfter getting qubit 10\ndecompose to full gate set\ndecompose to voqc\nconvert to rzq\n,"[DBG] Expected error: 0.500000;   t: 0.010000\n[DBG] Analyzing /Users/jbg/Development/particleSystem/QBlue_Benchmark_Datasets/MarQSim_dataset/_Pauli_string_LiH_f.txt:\n[DBG] Length of Pauli String 275\n\n[DBG] ---- Trotterization (QDrift) -> IBMDigital circuits: ----\n[DBG] Dealing with 2 pauli strings; lambda = 8.894264; relaxation factor: 1.093018.\n[DBG] Input circuit uses 10 qubits, has 16 gates:  { H : 4, X : 0, Rzq : 6, CX : 6 }.\n[DBG] After optimization, the circuit uses 11 gates : { U1 : 2, U2 : 2, U3 : 0, CX : 7 }.\n\n"
MarQSim_dataset,marqsim,/Users/jbg/Development/particleSystem/QBlue_Benchmark_Datasets/MarQSim_dataset/_Pauli_string_H2O.txt,_Pauli_string_H2O.txt,0.5,0.01,std,0,none,Trotterization (1st-order),IBMDigital,550,36850,67,,1.085553,False,416.280297,,,,,,,,,,,,,,Start analyze_one_circuit\nBefore lexing\nafter lexing\nbefore parser\nafter parser\nAfter parserAfter getting qubit 12\ndecompose to full gate set\ndecompose to voqc\n,[DBG] Expected error: 0.500000;   t: 0.010000\n[DBG] Analyzing /Users/jbg/Development/particleSystem/QBlue_Benchmark_Datasets/MarQSim_dataset/_Pauli_string_H2O.txt:\n[DBG] Length of Pauli String 550\n\n[DBG] ---- Trotterization (1st-order) -> IBMDigital circuits: ----\n[DBG] Dealing with 36850 pauli strings; relaxation factor: 1.085553; splitting r: 67.\n
MarQSim_dataset,marqsim,/Users/jbg/Development/particleSystem/QBlue_Benchmark_Datasets/MarQSim_dataset/_Pauli_string_H2O.txt,_Pauli_string_H2O.txt,0.5,0.01,qdrift,1,none,Trotterization (QDrift),IBMDigital,550,2,,27.158985,1.312049,True,0.029861,12,4,0,0,2,2,"{""CX"": 2, ""H"": 0, ""Rzq"": 2, ""X"": 0}",4,2,0,0,2,"{""CX"": 2, ""U1"": 2, ""U2"": 0, ""U3"": 0}",Start analyze_one_circuit\nBefore lexing\nafter lexing\nbefore parser\nafter parser\nAfter parserAfter getting qubit 12\ndecompose to full gate set\ndecompose to voqc\nconvert to rzq\n,"[DBG] Expected error: 0.500000;   t: 0.010000\n[DBG] Analyzing /Users/jbg/Development/particleSystem/QBlue_Benchmark_Datasets/MarQSim_dataset/_Pauli_string_H2O.txt:\n[DBG] Length of Pauli String 550\n\n[DBG] ---- Trotterization (QDrift) -> IBMDigital circuits: ----\n[DBG] Dealing with 2 pauli strings; lambda = 27.158985; relaxation factor: 1.312049.\n[DBG] Input circuit uses 12 qubits, has 4 gates:  { H : 0, X : 0, Rzq : 2, CX : 2 }.\n[DBG] After optimization, the circuit uses 4 gates : { U1 : 2, U2 : 0, U3 : 0, CX : 2 }.\n\n"
MarQSim_dataset,marqsim,/Users/jbg/Development/particleSystem/QBlue_Benchmark_Datasets/MarQSim_dataset/_Pauli_string_LiH_unf.txt,_Pauli_string_LiH_unf.txt,0.5,0.01,std,0,none,Trotterization (1st-order),IBMDigital,614,50962,83,,1.076781,False,368.133364,,,,,,,,,,,,,,Start analyze_one_circuit\nBefore lexing\nafter lexing\nbefore parser\nafter parser\nAfter parserAfter getting qubit 12\ndecompose to full gate set\ndecompose to voqc\n,[DBG] Expected error: 0.500000;   t: 0.010000\n[DBG] Analyzing /Users/jbg/Development/particleSystem/QBlue_Benchmark_Datasets/MarQSim_dataset/_Pauli_string_LiH_unf.txt:\n[DBG] Length of Pauli String 614\n\n[DBG] ---- Trotterization (1st-order) -> IBMDigital circuits: ----\n[DBG] Dealing with 50962 pauli strings; relaxation factor: 1.076781; splitting r: 83.\n
MarQSim_dataset,marqsim,/Users/jbg/Development/particleSystem/QBlue_Benchmark_Datasets/MarQSim_dataset/_Pauli_string_LiH_unf.txt,_Pauli_string_LiH_unf.txt,0.5,0.01,qdrift,1,none,Trotterization (QDrift),IBMDigital,614,2,,12.341623,1.131355,True,0.031955,12,10,2,0,2,6,"{""CX"": 6, ""H"": 2, ""Rzq"": 2, ""X"": 0}",5,1,2,0,2,"{""CX"": 2, ""U1"": 1, ""U2"": 2, ""U3"": 0}",Start analyze_one_circuit\nBefore lexing\nafter lexing\nbefore parser\nafter parser\nAfter parserAfter getting qubit 12\ndecompose to full gate set\ndecompose to voqc\nconvert to rzq\n,"[DBG] Expected error: 0.500000;   t: 0.010000\n[DBG] Analyzing /Users/jbg/Development/particleSystem/QBlue_Benchmark_Datasets/MarQSim_dataset/_Pauli_string_LiH_unf.txt:\n[DBG] Length of Pauli String 614\n\n[DBG] ---- Trotterization (QDrift) -> IBMDigital circuits: ----\n[DBG] Dealing with 2 pauli strings; lambda = 12.341623; relaxation factor: 1.131355.\n[DBG] Input circuit uses 12 qubits, has 10 gates:  { H : 2, X : 0, Rzq : 2, CX : 6 }.\n[DBG] After optimization, the circuit uses 5 gates : { U1 : 1, U2 : 2, U3 : 0, CX : 2 }.\n\n"
MarQSim_dataset,marqsim,/Users/jbg/Development/particleSystem/QBlue_Benchmark_Datasets/MarQSim_dataset/_Pauli_string_BeH2_f.txt,_Pauli_string_BeH2_f.txt,0.5,0.01,std,0,none,Trotterization (1st-order),IBMDigital,661,62795,95,,1.072057,False,238.158184,,,,,,,,,,,,,,Start analyze_one_circuit\nBefore lexing\nafter lexing\nbefore parser\nafter parser\nAfter parserAfter getting qubit 12\ndecompose to full gate set\ndecompose to voqc\n,[DBG] Expected error: 0.500000;   t: 0.010000\n[DBG] Analyzing /Users/jbg/Development/particleSystem/QBlue_Benchmark_Datasets/MarQSim_dataset/_Pauli_string_BeH2_f.txt:\n[DBG] Length of Pauli String 661\n\n[DBG] ---- Trotterization (1st-order) -> IBMDigital circuits: ----\n[DBG] Dealing with 62795 pauli strings; relaxation factor: 1.072057; splitting r: 95.\n
MarQSim_dataset,marqsim,/Users/jbg/Development/particleSystem/QBlue_Benchmark_Datasets/MarQSim_dataset/_Pauli_string_BeH2_f.txt,_Pauli_string_BeH2_f.txt,0.5,0.01,qdrift,1,none,Trotterization (QDrift),IBMDigital,661,2,,21.488184,1.239715,True,0.030247,12,6,0,0,2,4,"{""CX"": 4, ""H"": 0, ""Rzq"": 2, ""X"": 0}",4,2,0,0,2,"{""CX"": 2, ""U1"": 2, ""U2"": 0, ""U3"": 0}",Start analyze_one_circuit\nBefore lexing\nafter lexing\nbefore parser\nafter parser\nAfter parserAfter getting qubit 12\ndecompose to full gate set\ndecompose to voqc\nconvert to rzq\n,"[DBG] Expected error: 0.500000;   t: 0.010000\n[DBG] Analyzing /Users/jbg/Development/particleSystem/QBlue_Benchmark_Datasets/MarQSim_dataset/_Pauli_string_BeH2_f.txt:\n[DBG] Length of Pauli String 661\n\n[DBG] ---- Trotterization (QDrift) -> IBMDigital circuits: ----\n[DBG] Dealing with 2 pauli strings; lambda = 21.488184; relaxation factor: 1.239715.\n[DBG] Input circuit uses 12 qubits, has 6 gates:  { H : 0, X : 0, Rzq : 2, CX : 4 }.\n[DBG] After optimization, the circuit uses 4 gates : { U1 : 2, U2 : 0, U3 : 0, CX : 2 }.\n\n"
MarQSim_dataset,marqsim,/Users/jbg/Development/particleSystem/QBlue_Benchmark_Datasets/MarQSim_dataset/_Pauli_string_BeH2_unf.txt,_Pauli_string_BeH2_unf.txt,0.5,0.01,std,0,none,Trotterization (1st-order),IBMDigital,661,62795,95,,1.072057,False,285.389760,,,,,,,,,,,,,,Start analyze_one_circuit\nBefore lexing\nafter lexing\nbefore parser\nafter parser\nAfter parserAfter getting qubit 14\ndecompose to full gate set\ndecompose to voqc\n,[DBG] Expected error: 0.500000;   t: 0.010000\n[DBG] Analyzing /Users/jbg/Development/particleSystem/QBlue_Benchmark_Datasets/MarQSim_dataset/_Pauli_string_BeH2_unf.txt:\n[DBG] Length of Pauli String 661\n\n[DBG] ---- Trotterization (1st-order) -> IBMDigital circuits: ----\n[DBG] Dealing with 62795 pauli strings; relaxation factor: 1.072057; splitting r: 95.\n
MarQSim_dataset,marqsim,/Users/jbg/Development/particleSystem/QBlue_Benchmark_Datasets/MarQSim_dataset/_Pauli_string_BeH2_unf.txt,_Pauli_string_BeH2_unf.txt,0.5,0.01,qdrift,1,none,Trotterization (QDrift),IBMDigital,661,2,,21.488184,1.239715,True,0.031098,14,4,0,0,2,2,"{""CX"": 2, ""H"": 0, ""Rzq"": 2, ""X"": 0}",1,1,0,0,0,"{""CX"": 0, ""U1"": 1, ""U2"": 0, ""U3"": 0}",Start analyze_one_circuit\nBefore lexing\nafter lexing\nbefore parser\nafter parser\nAfter parserAfter getting qubit 14\ndecompose to full gate set\ndecompose to voqc\nconvert to rzq\n,"[DBG] Expected error: 0.500000;   t: 0.010000\n[DBG] Analyzing /Users/jbg/Development/particleSystem/QBlue_Benchmark_Datasets/MarQSim_dataset/_Pauli_string_BeH2_unf.txt:\n[DBG] Length of Pauli String 661\n\n[DBG] ---- Trotterization (QDrift) -> IBMDigital circuits: ----\n[DBG] Dealing with 2 pauli strings; lambda = 21.488184; relaxation factor: 1.239715.\n[DBG] Input circuit uses 14 qubits, has 4 gates:  { H : 0, X : 0, Rzq : 2, CX : 2 }.\n[DBG] After optimization, the circuit uses 1 gates : { U1 : 1, U2 : 0, U3 : 0, CX : 0 }.\n\n"
Genesis_dataset,genesis,/Users/jbg/Development/particleSystem/QBlue_Benchmark_Datasets/Genesis_dataset/LiH/JW_LiH_sto3g_4_electrons_12_spin_orbitals_Hamiltonian_631_paulis.txt,JW_LiH_sto3g_4_electrons_12_spin_orbitals_Hamiltonian_631_paulis.txt,0.5,0.01,std,0,none,Trotterization (1st-order),IBMDigital,631,54897,87,,1.075224,False,356.215613,,,,,,,,,,,,,,Start analyze_one_circuit\nBefore lexing\nafter lexing\nbefore parser\nafter parser\nAfter parserAfter getting qubit 12\ndecompose to full gate set\ndecompose to voqc\n,[DBG] Expected error: 0.500000;   t: 0.010000\n[DBG] Analyzing /var/folders/8l/ycc5vbn93_56mddr52w8zp040000gn/T/qblue_bench_xi0c9l82/JW_LiH_sto3g_4_electrons_12_spin_orbitals_Hamiltonian_631_paulis.txt.marqsim.txt:\n[DBG] Length of Pauli String 631\n\n[DBG] ---- Trotterization (1st-order) -> IBMDigital circuits: ----\n[DBG] Dealing with 54897 pauli strings; relaxation factor: 1.075224; splitting r: 87.\n
Genesis_dataset,genesis,/Users/jbg/Development/particleSystem/QBlue_Benchmark_Datasets/Genesis_dataset/LiH/JW_LiH_sto3g_4_electrons_12_spin_orbitals_Hamiltonian_631_paulis.txt,JW_LiH_sto3g_4_electrons_12_spin_orbitals_Hamiltonian_631_paulis.txt,0.5,0.01,qdrift,1,none,Trotterization (QDrift),IBMDigital,631,2,,17.5069,1.191328,True,0.029578,12,3,0,0,1,2,"{""CX"": 2, ""H"": 0, ""Rzq"": 1, ""X"": 0}",1,1,0,0,0,"{""CX"": 0, ""U1"": 1, ""U2"": 0, ""U3"": 0}",Start analyze_one_circuit\nBefore lexing\nafter lexing\nbefore parser\nafter parser\nAfter parserAfter getting qubit 12\ndecompose to full gate set\ndecompose to voqc\nconvert to rzq\n,"[DBG] Expected error: 0.500000;   t: 0.010000\n[DBG] Analyzing /var/folders/8l/ycc5vbn93_56mddr52w8zp040000gn/T/qblue_bench_xi0c9l82/JW_LiH_sto3g_4_electrons_12_spin_orbitals_Hamiltonian_631_paulis.txt.marqsim.txt:\n[DBG] Length of Pauli String 631\n\n[DBG] ---- Trotterization (QDrift) -> IBMDigital circuits: ----\n[DBG] Dealing with 2 pauli strings; lambda = 17.506900; relaxation factor: 1.191328.\n[DBG] Input circuit uses 12 qubits, has 3 gates:  { H : 0, X : 0, Rzq : 1, CX : 2 }.\n[DBG] After optimization, the circuit uses 1 gates : { U1 : 1, U2 : 0, U3 : 0, CX : 0 }.\n\n"
Genesis_dataset,genesis,/Users/jbg/Development/particleSystem/QBlue_Benchmark_Datasets/Genesis_dataset/LiH/BK_LiH_sto3g_4_electrons_12_spin_orbitals_Hamiltonian_631_paulis.txt,BK_LiH_sto3g_4_electrons_12_spin_orbitals_Hamiltonian_631_paulis.txt,0.5,0.01,std,0,none,Trotterization (1st-order),IBMDigital,631,54897,87,,1.075224,False,250.108327,,,,,,,,,,,,,,Start analyze_one_circuit\nBefore lexing\nafter lexing\nbefore parser\nafter parser\nAfter parserAfter getting qubit 12\ndecompose to full gate set\ndecompose to voqc\n,[DBG] Expected error: 0.500000;   t: 0.010000\n[DBG] Analyzing /var/folders/8l/ycc5vbn93_56mddr52w8zp040000gn/T/qblue_bench_xi0c9l82/BK_LiH_sto3g_4_electrons_12_spin_orbitals_Hamiltonian_631_paulis.txt.marqsim.txt:\n[DBG] Length of Pauli String 631\n\n[DBG] ---- Trotterization (1st-order) -> IBMDigital circuits: ----\n[DBG] Dealing with 54897 pauli strings; relaxation factor: 1.075224; splitting r: 87.\n
Genesis_dataset,genesis,/Users/jbg/Development/particleSystem/QBlue_Benchmark_Datasets/Genesis_dataset/LiH/BK_LiH_sto3g_4_electrons_12_spin_orbitals_Hamiltonian_631_paulis.txt,BK_LiH_sto3g_4_electrons_12_spin_orbitals_Hamiltonian_631_paulis.txt,0.5,0.01,qdrift,1,none,Trotterization (QDrift),IBMDigital,631,2,,17.5069,1.191328,True,0.029521,12,5,0,0,1,4,"{""CX"": 4, ""H"": 0, ""Rzq"": 1, ""X"": 0}",1,1,0,0,0,"{""CX"": 0, ""U1"": 1, ""U2"": 0, ""U3"": 0}",Start analyze_one_circuit\nBefore lexing\nafter lexing\nbefore parser\nafter parser\nAfter parserAfter getting qubit 12\ndecompose to full gate set\ndecompose to voqc\nconvert to rzq\n,"[DBG] Expected error: 0.500000;   t: 0.010000\n[DBG] Analyzing /var/folders/8l/ycc5vbn93_56mddr52w8zp040000gn/T/qblue_bench_xi0c9l82/BK_LiH_sto3g_4_electrons_12_spin_orbitals_Hamiltonian_631_paulis.txt.marqsim.txt:\n[DBG] Length of Pauli String 631\n\n[DBG] ---- Trotterization (QDrift) -> IBMDigital circuits: ----\n[DBG] Dealing with 2 pauli strings; lambda = 17.506900; relaxation factor: 1.191328.\n[DBG] Input circuit uses 12 qubits, has 5 gates:  { H : 0, X : 0, Rzq : 1, CX : 4 }.\n[DBG] After optimization, the circuit uses 1 gates : { U1 : 1, U2 : 0, U3 : 0, CX : 0 }.\n\n"
Genesis_dataset,genesis,/Users/jbg/Development/particleSystem/QBlue_Benchmark_Datasets/Genesis_dataset/BeH2/JW_BeH2_sto3g_6_electrons_14_spin_orbitals_Hamiltonian_666_paulis.txt,JW_BeH2_sto3g_6_electrons_14_spin_orbitals_Hamiltonian_666_paulis.txt,0.5,0.01,std,0,none,Trotterization (1st-order),IBMDigital,666,63936,96,,1.071838,False,267.940023,,,,,,,,,,,,,,Start analyze_one_circuit\nBefore lexing\nafter lexing\nbefore parser\nafter parser\nAfter parserAfter getting qubit 14\ndecompose to full gate set\ndecompose to voqc\n,[DBG] Expected error: 0.500000;   t: 0.010000\n[DBG] Analyzing /var/folders/8l/ycc5vbn93_56mddr52w8zp040000gn/T/qblue_bench_xi0c9l82/JW_BeH2_sto3g_6_electrons_14_spin_orbitals_Hamiltonian_666_paulis.txt.marqsim.txt:\n[DBG] Length of Pauli String 666\n\n[DBG] ---- Trotterization (1st-order) -> IBMDigital circuits: ----\n[DBG] Dealing with 63936 pauli strings; relaxation factor: 1.071838; splitting r: 96.\n
Genesis_dataset,genesis,/Users/jbg/Development/particleSystem/QBlue_Benchmark_Datasets/Genesis_dataset/BeH2/JW_BeH2_sto3g_6_electrons_14_spin_orbitals_Hamiltonian_666_paulis.txt,JW_BeH2_sto3g_6_electrons_14_spin_orbitals_Hamiltonian_666_paulis.txt,0.5,0.01,qdrift,1,none,Trotterization (QDrift),IBMDigital,666,2,,33.70504,1.40081,True,0.029716,14,3,0,0,1,2,"{""CX"": 2, ""H"": 0, ""Rzq"": 1, ""X"": 0}",3,1,0,0,2,"{""CX"": 2, ""U1"": 1, ""U2"": 0, ""U3"": 0}",Start analyze_one_circuit\nBefore lexing\nafter lexing\nbefore parser\nafter parser\nAfter parserAfter getting qubit 14\ndecompose to full gate set\ndecompose to voqc\nconvert to rzq\n,"[DBG] Expected error: 0.500000;   t: 0.010000\n[DBG] Analyzing /var/folders/8l/ycc5vbn93_56mddr52w8zp040000gn/T/qblue_bench_xi0c9l82/JW_BeH2_sto3g_6_electrons_14_spin_orbitals_Hamiltonian_666_paulis.txt.marqsim.txt:\n[DBG] Length of Pauli String 666\n\n[DBG] ---- Trotterization (QDrift) -> IBMDigital circuits: ----\n[DBG] Dealing with 2 pauli strings; lambda = 33.705040; relaxation factor: 1.400810.\n[DBG] Input circuit uses 14 qubits, has 3 gates:  { H : 0, X : 0, Rzq : 1, CX : 2 }.\n[DBG] After optimization, the circuit uses 3 gates : { U1 : 1, U2 : 0, U3 : 0, CX : 2 }.\n\n"
Genesis_dataset,genesis,/Users/jbg/Development/particleSystem/QBlue_Benchmark_Datasets/Genesis_dataset/BeH2/BK_BeH2_sto3g_6_electrons_14_spin_orbitals_Hamiltonian_666_paulis.txt,BK_BeH2_sto3g_6_electrons_14_spin_orbitals_Hamiltonian_666_paulis.txt,0.5,0.01,std,0,none,Trotterization (1st-order),IBMDigital,666,63936,96,,1.071838,False,215.890068,,,,,,,,,,,,,,Start analyze_one_circuit\nBefore lexing\nafter lexing\nbefore parser\nafter parser\nAfter parserAfter getting qubit 14\ndecompose to full gate set\ndecompose to voqc\n,[DBG] Expected error: 0.500000;   t: 0.010000\n[DBG] Analyzing /var/folders/8l/ycc5vbn93_56mddr52w8zp040000gn/T/qblue_bench_xi0c9l82/BK_BeH2_sto3g_6_electrons_14_spin_orbitals_Hamiltonian_666_paulis.txt.marqsim.txt:\n[DBG] Length of Pauli String 666\n\n[DBG] ---- Trotterization (1st-order) -> IBMDigital circuits: ----\n[DBG] Dealing with 63936 pauli strings; relaxation factor: 1.071838; splitting r: 96.\n
Genesis_dataset,genesis,/Users/jbg/Development/particleSystem/QBlue_Benchmark_Datasets/Genesis_dataset/BeH2/BK_BeH2_sto3g_6_electrons_14_spin_orbitals_Hamiltonian_666_paulis.txt,BK_BeH2_sto3g_6_electrons_14_spin_orbitals_Hamiltonian_666_paulis.txt,0.5,0.01,qdrift,1,none,Trotterization (QDrift),IBMDigital,666,2,,33.70504,1.40081,True,0.030979,14,3,0,0,1,2,"{""CX"": 2, ""H"": 0, ""Rzq"": 1, ""X"": 0}",3,1,0,0,2,"{""CX"": 2, ""U1"": 1, ""U2"": 0, ""U3"": 0}",Start analyze_one_circuit\nBefore lexing\nafter lexing\nbefore parser\nafter parser\nAfter parserAfter getting qubit 14\ndecompose to full gate set\ndecompose to voqc\nconvert to rzq\n,"[DBG] Expected error: 0.500000;   t: 0.010000\n[DBG] Analyzing /var/folders/8l/ycc5vbn93_56mddr52w8zp040000gn/T/qblue_bench_xi0c9l82/BK_BeH2_sto3g_6_electrons_14_spin_orbitals_Hamiltonian_666_paulis.txt.marqsim.txt:\n[DBG] Length of Pauli String 666\n\n[DBG] ---- Trotterization (QDrift) -> IBMDigital circuits: ----\n[DBG] Dealing with 2 pauli strings; lambda = 33.705040; relaxation factor: 1.400810.\n[DBG] Input circuit uses 14 qubits, has 3 gates:  { H : 0, X : 0, Rzq : 1, CX : 2 }.\n[DBG] After optimization, the circuit uses 3 gates : { U1 : 1, U2 : 0, U3 : 0, CX : 2 }.\n\n"
Genesis_dataset,genesis,/Users/jbg/Development/particleSystem/QBlue_Benchmark_Datasets/Genesis_dataset/ethylene/JW_ethylene_sto3g_10_electrons_16_spin_orbitals_Hamiltonian_789_paulis.txt,JW_ethylene_sto3g_10_electrons_16_spin_orbitals_Hamiltonian_789_paulis.txt,0.5,0.01,std,0,none,Trotterization (1st-order),IBMDigital,789,105726,134,,1.060649,False,154.323943,,,,,,,,,,,,,,Start analyze_one_circuit\nBefore lexing\nafter lexing\nbefore parser\nafter parser\nAfter parserAfter getting qubit 16\ndecompose to full gate set\ndecompose to voqc\n,[DBG] Expected error: 0.500000;   t: 0.010000\n[DBG] Analyzing /var/folders/8l/ycc5vbn93_56mddr52w8zp040000gn/T/qblue_bench_xi0c9l82/JW_ethylene_sto3g_10_electrons_16_spin_orbitals_Hamiltonian_789_paulis.txt.marqsim.txt:\n[DBG] Length of Pauli String 789\n\n[DBG] ---- Trotterization (1st-order) -> IBMDigital circuits: ----\n[DBG] Dealing with 105726 pauli strings; relaxation factor: 1.060649; splitting r: 134.\n
Genesis_dataset,genesis,/Users/jbg/Development/particleSystem/QBlue_Benchmark_Datasets/Genesis_dataset/ethylene/JW_ethylene_sto3g_10_electrons_16_spin_orbitals_Hamiltonian_789_paulis.txt,JW_ethylene_sto3g_10_electrons_16_spin_orbitals_Hamiltonian_789_paulis.txt,0.5,0.01,qdrift,1,none,Trotterization (QDrift),IBMDigital,789,3,,42.223338,1.325101,True,0.033723,16,1,0,0,1,0,"{""CX"": 0, ""H"": 0, ""Rzq"": 1, ""X"": 0}",1,1,0,0,0,"{""CX"": 0, ""U1"": 1, ""U2"": 0, ""U3"": 0}",Start analyze_one_circuit\nBefore lexing\nafter lexing\nbefore parser\nafter parser\nAfter parserAfter getting qubit 16\ndecompose to full gate set\ndecompose to voqc\nconvert to rzq\n,"[DBG] Expected error: 0.500000;   t: 0.010000\n[DBG] Analyzing /var/folders/8l/ycc5vbn93_56mddr52w8zp040000gn/T/qblue_bench_xi0c9l82/JW_ethylene_sto3g_10_electrons_16_spin_orbitals_Hamiltonian_789_paulis.txt.marqsim.txt:\n[DBG] Length of Pauli String 789\n\n[DBG] ---- Trotterization (QDrift) -> IBMDigital circuits: ----\n[DBG] Dealing with 3 pauli strings; lambda = 42.223338; relaxation factor: 1.325101.\n[DBG] Input circuit uses 16 qubits, has 1 gates:  { H : 0, X : 0, Rzq : 1, CX : 0 }.\n[DBG] After optimization, the circuit uses 1 gates : { U1 : 1, U2 : 0, U3 : 0, CX : 0 }.\n\n"
Genesis_dataset,genesis,/Users/jbg/Development/particleSystem/QBlue_Benchmark_Datasets/Genesis_dataset/ethylene/BK_ethylene_sto3g_10_electrons_16_spin_orbitals_Hamiltonian_789_paulis.txt,BK_ethylene_sto3g_10_electrons_16_spin_orbitals_Hamiltonian_789_paulis.txt,0.5,0.01,std,0,none,Trotterization (1st-order),IBMDigital,789,105726,134,,1.060649,False,147.704773,,,,,,,,,,,,,,Start analyze_one_circuit\nBefore lexing\nafter lexing\nbefore parser\nafter parser\nAfter parserAfter getting qubit 16\ndecompose to full gate set\ndecompose to voqc\n,[DBG] Expected error: 0.500000;   t: 0.010000\n[DBG] Analyzing /var/folders/8l/ycc5vbn93_56mddr52w8zp040000gn/T/qblue_bench_xi0c9l82/BK_ethylene_sto3g_10_electrons_16_spin_orbitals_Hamiltonian_789_paulis.txt.marqsim.txt:\n[DBG] Length of Pauli String 789\n\n[DBG] ---- Trotterization (1st-order) -> IBMDigital circuits: ----\n[DBG] Dealing with 105726 pauli strings; relaxation factor: 1.060649; splitting r: 134.\n
Genesis_dataset,genesis,/Users/jbg/Development/particleSystem/QBlue_Benchmark_Datasets/Genesis_dataset/ethylene/BK_ethylene_sto3g_10_electrons_16_spin_orbitals_Hamiltonian_789_paulis.txt,BK_ethylene_sto3g_10_electrons_16_spin_orbitals_Hamiltonian_789_paulis.txt,0.5,0.01,qdrift,1,none,Trotterization (QDrift),IBMDigital,789,3,,42.223338,1.325101,True,0.032316,16,3,0,0,1,2,"{""CX"": 2, ""H"": 0, ""Rzq"": 1, ""X"": 0}",1,1,0,0,0,"{""CX"": 0, ""U1"": 1, ""U2"": 0, ""U3"": 0}",Start analyze_one_circuit\nBefore lexing\nafter lexing\nbefore parser\nafter parser\nAfter parserAfter getting qubit 16\ndecompose to full gate set\ndecompose to voqc\nconvert to rzq\n,"[DBG] Expected error: 0.500000;   t: 0.010000\n[DBG] Analyzing /var/folders/8l/ycc5vbn93_56mddr52w8zp040000gn/T/qblue_bench_xi0c9l82/BK_ethylene_sto3g_10_electrons_16_spin_orbitals_Hamiltonian_789_paulis.txt.marqsim.txt:\n[DBG] Length of Pauli String 789\n\n[DBG] ---- Trotterization (QDrift) -> IBMDigital circuits: ----\n[DBG] Dealing with 3 pauli strings; lambda = 42.223338; relaxation factor: 1.325101.\n[DBG] Input circuit uses 16 qubits, has 3 gates:  { H : 0, X : 0, Rzq : 1, CX : 2 }.\n[DBG] After optimization, the circuit uses 1 gates : { U1 : 1, U2 : 0, U3 : 0, CX : 0 }.\n\n"
Genesis_dataset,genesis,/Users/jbg/Development/particleSystem/QBlue_Benchmark_Datasets/Genesis_dataset/NH3/BK_NH3_sto3g_8_electrons_12_spin_orbitals_Hamiltonian_915_paulis.txt,BK_NH3_sto3g_8_electrons_12_spin_orbitals_Hamiltonian_915_paulis.txt,0.5,0.01,std,0,none,Trotterization (1st-order),IBMDigital,915,162870,178,,1.052749,False,53.969078,,,,,,,,,,,,,,Start analyze_one_circuit\nBefore lexing\nafter lexing\nbefore parser\nafter parser\nAfter parserAfter getting qubit 12\ndecompose to full gate set\ndecompose to voqc\n,[DBG] Expected error: 0.500000;   t: 0.010000\n[DBG] Analyzing /var/folders/8l/ycc5vbn93_56mddr52w8zp040000gn/T/qblue_bench_xi0c9l82/BK_NH3_sto3g_8_electrons_12_spin_orbitals_Hamiltonian_915_paulis.txt.marqsim.txt:\n[DBG] Length of Pauli String 915\n\n[DBG] ---- Trotterization (1st-order) -> IBMDigital circuits: ----\n[DBG] Dealing with 162870 pauli strings; relaxation factor: 1.052749; splitting r: 178.\n
Genesis_dataset,genesis,/Users/jbg/Development/particleSystem/QBlue_Benchmark_Datasets/Genesis_dataset/NH3/BK_NH3_sto3g_8_electrons_12_spin_orbitals_Hamiltonian_915_paulis.txt,BK_NH3_sto3g_8_electrons_12_spin_orbitals_Hamiltonian_915_paulis.txt,0.5,0.01,qdrift,1,none,Trotterization (QDrift),IBMDigital,915,3,,38.512463,1.292722,True,0.031246,12,15,4,0,5,6,"{""CX"": 6, ""H"": 4, ""Rzq"": 5, ""X"": 0}",9,1,2,0,6,"{""CX"": 6, ""U1"": 1, ""U2"": 2, ""U3"": 0}",Start analyze_one_circuit\nBefore lexing\nafter lexing\nbefore parser\nafter parser\nAfter parserAfter getting qubit 12\ndecompose to full gate set\ndecompose to voqc\nconvert to rzq\n,"[DBG] Expected error: 0.500000;   t: 0.010000\n[DBG] Analyzing /var/folders/8l/ycc5vbn93_56mddr52w8zp040000gn/T/qblue_bench_xi0c9l82/BK_NH3_sto3g_8_electrons_12_spin_orbitals_Hamiltonian_915_paulis.txt.marqsim.txt:\n[DBG] Length of Pauli String 915\n\n[DBG] ---- Trotterization (QDrift) -> IBMDigital circuits: ----\n[DBG] Dealing with 3 pauli strings; lambda = 38.512463; relaxation factor: 1.292722.\n[DBG] Input circuit uses 12 qubits, has 15 gates:  { H : 4, X : 0, Rzq : 5, CX : 6 }.\n[DBG] After optimization, the circuit uses 9 gates : { U1 : 1, U2 : 2, U3 : 0, CX : 6 }.\n\n"
Genesis_dataset,genesis,/Users/jbg/Development/particleSystem/QBlue_Benchmark_Datasets/Genesis_dataset/NH3/JW_NH3_sto3g_8_electrons_12_spin_orbitals_Hamiltonian_915_paulis.txt,JW_NH3_sto3g_8_electrons_12_spin_orbitals_Hamiltonian_915_paulis.txt,0.5,0.01,std,0,none,Trotterization (1st-order),IBMDigital,915,162870,178,,1.052749,False,74.551130,,,,,,,,,,,,,,Start analyze_one_circuit\nBefore lexing\nafter lexing\nbefore parser\nafter parser\nAfter parserAfter getting qubit 12\ndecompose to full gate set\ndecompose to voqc\n,[DBG] Expected error: 0.500000;   t: 0.010000\n[DBG] Analyzing /var/folders/8l/ycc5vbn93_56mddr52w8zp040000gn/T/qblue_bench_xi0c9l82/JW_NH3_sto3g_8_electrons_12_spin_orbitals_Hamiltonian_915_paulis.txt.marqsim.txt:\n[DBG] Length of Pauli String 915\n\n[DBG] ---- Trotterization (1st-order) -> IBMDigital circuits: ----\n[DBG] Dealing with 162870 pauli strings; relaxation factor: 1.052749; splitting r: 178.\n
Genesis_dataset,genesis,/Users/jbg/Development/particleSystem/QBlue_Benchmark_Datasets/Genesis_dataset/NH3/JW_NH3_sto3g_8_electrons_12_spin_orbitals_Hamiltonian_915_paulis.txt,JW_NH3_sto3g_8_electrons_12_spin_orbitals_Hamiltonian_915_paulis.txt,0.5,0.01,qdrift,1,none,Trotterization (QDrift),IBMDigital,915,3,,38.512463,1.292722,True,0.034355,12,13,4,0,5,4,"{""CX"": 4, ""H"": 4, ""Rzq"": 5, ""X"": 0}",13,1,2,0,10,"{""CX"": 10, ""U1"": 1, ""U2"": 2, ""U3"": 0}",Start analyze_one_circuit\nBefore lexing\nafter lexing\nbefore parser\nafter parser\nAfter parserAfter getting qubit 12\ndecompose to full gate set\ndecompose to voqc\nconvert to rzq\n,"[DBG] Expected error: 0.500000;   t: 0.010000\n[DBG] Analyzing /var/folders/8l/ycc5vbn93_56mddr52w8zp040000gn/T/qblue_bench_xi0c9l82/JW_NH3_sto3g_8_electrons_12_spin_orbitals_Hamiltonian_915_paulis.txt.marqsim.txt:\n[DBG] Length of Pauli String 915\n\n[DBG] ---- Trotterization (QDrift) -> IBMDigital circuits: ----\n[DBG] Dealing with 3 pauli strings; lambda = 38.512463; relaxation factor: 1.292722.\n[DBG] Input circuit uses 12 qubits, has 13 gates:  { H : 4, X : 0, Rzq : 5, CX : 4 }.\n[DBG] After optimization, the circuit uses 13 gates : { U1 : 1, U2 : 2, U3 : 0, CX : 10 }.\n\n"
Genesis_dataset,genesis,/Users/jbg/Development/particleSystem/QBlue_Benchmark_Datasets/Genesis_dataset/H2O/BK_H2O_sto3g_8_electrons_12_spin_orbitals_Hamiltonian_1219_paulis.txt,BK_H2O_sto3g_8_electrons_12_spin_orbitals_Hamiltonian_1219_paulis.txt,0.5,0.01,std,0,none,Trotterization (1st-order),IBMDigital,1219,379109,311,,1.039974,False,2.045252,,,,,,,,,,,,,,Start analyze_one_circuit\nBefore lexing\nafter lexing\nbefore parser\nafter parser\nAfter parserAfter getting qubit 12\n,[DBG] Expected error: 0.500000;   t: 0.010000\n[DBG] Analyzing /var/folders/8l/ycc5vbn93_56mddr52w8zp040000gn/T/qblue_bench_xi0c9l82/BK_H2O_sto3g_8_electrons_12_spin_orbitals_Hamiltonian_1219_paulis.txt.marqsim.txt:\n[DBG] Length of Pauli String 1219\n\n[DBG] ---- Trotterization (1st-order) -> IBMDigital circuits: ----\n[DBG] Dealing with 379109 pauli strings; relaxation factor: 1.039974; splitting r: 311.\n
Genesis_dataset,genesis,/Users/jbg/Development/particleSystem/QBlue_Benchmark_Datasets/Genesis_dataset/H2O/BK_H2O_sto3g_8_electrons_12_spin_orbitals_Hamiltonian_1219_paulis.txt,BK_H2O_sto3g_8_electrons_12_spin_orbitals_Hamiltonian_1219_paulis.txt,0.5,0.01,qdrift,1,none,Trotterization (QDrift),IBMDigital,1219,3,,42.055417,1.323619,True,0.034595,12,1,0,0,1,0,"{""CX"": 0, ""H"": 0, ""Rzq"": 1, ""X"": 0}",0,0,0,0,0,"{""CX"": 0, ""U1"": 0, ""U2"": 0, ""U3"": 0}",Start analyze_one_circuit\nBefore lexing\nafter lexing\nbefore parser\nafter parser\nAfter parserAfter getting qubit 12\ndecompose to full gate set\ndecompose to voqc\nconvert to rzq\n,"[DBG] Expected error: 0.500000;   t: 0.010000\n[DBG] Analyzing /var/folders/8l/ycc5vbn93_56mddr52w8zp040000gn/T/qblue_bench_xi0c9l82/BK_H2O_sto3g_8_electrons_12_spin_orbitals_Hamiltonian_1219_paulis.txt.marqsim.txt:\n[DBG] Length of Pauli String 1219\n\n[DBG] ---- Trotterization (QDrift) -> IBMDigital circuits: ----\n[DBG] Dealing with 3 pauli strings; lambda = 42.055417; relaxation factor: 1.323619.\n[DBG] Input circuit uses 12 qubits, has 1 gates:  { H : 0, X : 0, Rzq : 1, CX : 0 }.\n[DBG] After optimization, the circuit uses 0 gates : { U1 : 0, U2 : 0, U3 : 0, CX : 0 }.\n\n"
Genesis_dataset,genesis,/Users/jbg/Development/particleSystem/QBlue_Benchmark_Datasets/Genesis_dataset/H2O/JW_H2O_sto3g_8_electrons_12_spin_orbitals_Hamiltonian_1219_paulis.txt,JW_H2O_sto3g_8_electrons_12_spin_orbitals_Hamiltonian_1219_paulis.txt,0.5,0.01,std,0,none,Trotterization (1st-order),IBMDigital,1219,379109,311,,1.039974,False,1.847374,,,,,,,,,,,,,,Start analyze_one_circuit\nBefore lexing\nafter lexing\nbefore parser\nafter parser\nAfter parserAfter getting qubit 12\n,[DBG] Expected error: 0.500000;   t: 0.010000\n[DBG] Analyzing /var/folders/8l/ycc5vbn93_56mddr52w8zp040000gn/T/qblue_bench_xi0c9l82/JW_H2O_sto3g_8_electrons_12_spin_orbitals_Hamiltonian_1219_paulis.txt.marqsim.txt:\n[DBG] Length of Pauli String 1219\n\n[DBG] ---- Trotterization (1st-order) -> IBMDigital circuits: ----\n[DBG] Dealing with 379109 pauli strings; relaxation factor: 1.039974; splitting r: 311.\n
Genesis_dataset,genesis,/Users/jbg/Development/particleSystem/QBlue_Benchmark_Datasets/Genesis_dataset/H2O/JW_H2O_sto3g_8_electrons_12_spin_orbitals_Hamiltonian_1219_paulis.txt,JW_H2O_sto3g_8_electrons_12_spin_orbitals_Hamiltonian_1219_paulis.txt,0.5,0.01,qdrift,1,none,Trotterization (QDrift),IBMDigital,1219,3,,42.055417,1.323619,True,0.032976,12,1,0,0,1,0,"{""CX"": 0, ""H"": 0, ""Rzq"": 1, ""X"": 0}",0,0,0,0,0,"{""CX"": 0, ""U1"": 0, ""U2"": 0, ""U3"": 0}",Start analyze_one_circuit\nBefore lexing\nafter lexing\nbefore parser\nafter parser\nAfter parserAfter getting qubit 12\ndecompose to full gate set\ndecompose to voqc\nconvert to rzq\n,"[DBG] Expected error: 0.500000;   t: 0.010000\n[DBG] Analyzing /var/folders/8l/ycc5vbn93_56mddr52w8zp040000gn/T/qblue_bench_xi0c9l82/JW_H2O_sto3g_8_electrons_12_spin_orbitals_Hamiltonian_1219_paulis.txt.marqsim.txt:\n[DBG] Length of Pauli String 1219\n\n[DBG] ---- Trotterization (QDrift) -> IBMDigital circuits: ----\n[DBG] Dealing with 3 pauli strings; lambda = 42.055417; relaxation factor: 1.323619.\n[DBG] Input circuit uses 12 qubits, has 1 gates:  { H : 0, X : 0, Rzq : 1, CX : 0 }.\n[DBG] After optimization, the circuit uses 0 gates : { U1 : 0, U2 : 0, U3 : 0, CX : 0 }.\n\n"
Genesis_dataset,genesis,/Users/jbg/Development/particleSystem/QBlue_Benchmark_Datasets/Genesis_dataset/N2/JW_N2_sto3g_10_electrons_16_spin_orbitals_Hamiltonian_1177_paulis.txt,JW_N2_sto3g_10_electrons_16_spin_orbitals_Hamiltonian_1177_paulis.txt,0.5,0.01,std,0,none,Trotterization (1st-order),IBMDigital,1177,342507,291,,1.041276,False,2.016341,,,,,,,,,,,,,,Start analyze_one_circuit\nBefore lexing\nafter lexing\nbefore parser\nafter parser\nAfter parserAfter getting qubit 16\n,[DBG] Expected error: 0.500000;   t: 0.010000\n[DBG] Analyzing /var/folders/8l/ycc5vbn93_56mddr52w8zp040000gn/T/qblue_bench_xi0c9l82/JW_N2_sto3g_10_electrons_16_spin_orbitals_Hamiltonian_1177_paulis.txt.marqsim.txt:\n[DBG] Length of Pauli String 1177\n\n[DBG] ---- Trotterization (1st-order) -> IBMDigital circuits: ----\n[DBG] Dealing with 342507 pauli strings; relaxation factor: 1.041276; splitting r: 291.\n
Genesis_dataset,genesis,/Users/jbg/Development/particleSystem/QBlue_Benchmark_Datasets/Genesis_dataset/N2/JW_N2_sto3g_10_electrons_16_spin_orbitals_Hamiltonian_1177_paulis.txt,JW_N2_sto3g_10_electrons_16_spin_orbitals_Hamiltonian_1177_paulis.txt,0.5,0.01,qdrift,1,none,Trotterization (QDrift),IBMDigital,1177,4,,60.625823,1.354089,True,0.035555,16,6,0,0,2,4,"{""CX"": 4, ""H"": 0, ""Rzq"": 2, ""X"": 0}",1,1,0,0,0,"{""CX"": 0, ""U1"": 1, ""U2"": 0, ""U3"": 0}",Start analyze_one_circuit\nBefore lexing\nafter lexing\nbefore parser\nafter parser\nAfter parserAfter getting qubit 16\ndecompose to full gate set\ndecompose to voqc\nconvert to rzq\n,"[DBG] Expected error: 0.500000;   t: 0.010000\n[DBG] Analyzing /var/folders/8l/ycc5vbn93_56mddr52w8zp040000gn/T/qblue_bench_xi0c9l82/JW_N2_sto3g_10_electrons_16_spin_orbitals_Hamiltonian_1177_paulis.txt.marqsim.txt:\n[DBG] Length of Pauli String 1177\n\n[DBG] ---- Trotterization (QDrift) -> IBMDigital circuits: ----\n[DBG] Dealing with 4 pauli strings; lambda = 60.625823; relaxation factor: 1.354089.\n[DBG] Input circuit uses 16 qubits, has 6 gates:  { H : 0, X : 0, Rzq : 2, CX : 4 }.\n[DBG] After optimization, the circuit uses 1 gates : { U1 : 1, U2 : 0, U3 : 0, CX : 0 }.\n\n"
Genesis_dataset,genesis,/Users/jbg/Development/particleSystem/QBlue_Benchmark_Datasets/Genesis_dataset/C2/JW_C2_sto3g_10_electrons_16_spin_orbitals_Hamiltonian_1177_paulis.txt,JW_C2_sto3g_10_electrons_16_spin_orbitals_Hamiltonian_1177_paulis.txt,0.5,0.01,std,0,none,Trotterization (1st-order),IBMDigital,1177,342507,291,,1.041276,False,2.118137,,,,,,,,,,,,,,Start analyze_one_circuit\nBefore lexing\nafter lexing\nbefore parser\nafter parser\nAfter parserAfter getting qubit 16\n,[DBG] Expected error: 0.500000;   t: 0.010000\n[DBG] Analyzing /var/folders/8l/ycc5vbn93_56mddr52w8zp040000gn/T/qblue_bench_xi0c9l82/JW_C2_sto3g_10_electrons_16_spin_orbitals_Hamiltonian_1177_paulis.txt.marqsim.txt:\n[DBG] Length of Pauli String 1177\n\n[DBG] ---- Trotterization (1st-order) -> IBMDigital circuits: ----\n[DBG] Dealing with 342507 pauli strings; relaxation factor: 1.041276; splitting r: 291.\n
Genesis_dataset,genesis,/Users/jbg/Development/particleSystem/QBlue_Benchmark_Datasets/Genesis_dataset/C2/JW_C2_sto3g_10_electrons_16_spin_orbitals_Hamiltonian_1177_paulis.txt,JW_C2_sto3g_10_electrons_16_spin_orbitals_Hamiltonian_1177_paulis.txt,0.5,0.01,qdrift,1,none,Trotterization (QDrift),IBMDigital,1177,6,,80.451692,1.307572,True,0.035153,16,9,0,0,3,6,"{""CX"": 6, ""H"": 0, ""Rzq"": 3, ""X"": 0}",1,1,0,0,0,"{""CX"": 0, ""U1"": 1, ""U2"": 0, ""U3"": 0}",Start analyze_one_circuit\nBefore lexing\nafter lexing\nbefore parser\nafter parser\nAfter parserAfter getting qubit 16\ndecompose to full gate set\ndecompose to voqc\nconvert to rzq\n,"[DBG] Expected error: 0.500000;   t: 0.010000\n[DBG] Analyzing /var/folders/8l/ycc5vbn93_56mddr52w8zp040000gn/T/qblue_bench_xi0c9l82/JW_C2_sto3g_10_electrons_16_spin_orbitals_Hamiltonian_1177_paulis.txt.marqsim.txt:\n[DBG] Length of Pauli String 1177\n\n[DBG] ---- Trotterization (QDrift) -> IBMDigital circuits: ----\n[DBG] Dealing with 6 pauli strings; lambda = 80.451692; relaxation factor: 1.307572.\n[DBG] Input circuit uses 16 qubits, has 9 gates:  { H : 0, X : 0, Rzq : 3, CX : 6 }.\n[DBG] After optimization, the circuit uses 1 gates : { U1 : 1, U2 : 0, U3 : 0, CX : 0 }.\n\n"
Genesis_dataset,genesis,/Users/jbg/Development/particleSystem/QBlue_Benchmark_Datasets/Genesis_dataset/N2/BK_N2_sto3g_10_electrons_16_spin_orbitals_Hamiltonian_1177_paulis.txt,BK_N2_sto3g_10_electrons_16_spin_orbitals_Hamiltonian_1177_paulis.txt,0.5,0.01,std,0,none,Trotterization (1st-order),IBMDigital,1177,342507,291,,1.041276,False,2.244181,,,,,,,,,,,,,,Start analyze_one_circuit\nBefore lexing\nafter lexing\nbefore parser\nafter parser\nAfter parserAfter getting qubit 16\n,[DBG] Expected error: 0.500000;   t: 0.010000\n[DBG] Analyzing /var/folders/8l/ycc5vbn93_56mddr52w8zp040000gn/T/qblue_bench_xi0c9l82/BK_N2_sto3g_10_electrons_16_spin_orbitals_Hamiltonian_1177_paulis.txt.marqsim.txt:\n[DBG] Length of Pauli String 1177\n\n[DBG] ---- Trotterization (1st-order) -> IBMDigital circuits: ----\n[DBG] Dealing with 342507 pauli strings; relaxation factor: 1.041276; splitting r: 291.\n
Genesis_dataset,genesis,/Users/jbg/Development/particleSystem/QBlue_Benchmark_Datasets/Genesis_dataset/N2/BK_N2_sto3g_10_electrons_16_spin_orbitals_Hamiltonian_1177_paulis.txt,BK_N2_sto3g_10_electrons_16_spin_orbitals_Hamiltonian_1177_paulis.txt,0.5,0.01,qdrift,1,none,Trotterization (QDrift),IBMDigital,1177,4,,60.625823,1.354089,True,0.033580,16,8,0,0,2,6,"{""CX"": 6, ""H"": 0, ""Rzq"": 2, ""X"": 0}",1,1,0,0,0,"{""CX"": 0, ""U1"": 1, ""U2"": 0, ""U3"": 0}",Start analyze_one_circuit\nBefore lexing\nafter lexing\nbefore parser\nafter parser\nAfter parserAfter getting qubit 16\ndecompose to full gate set\ndecompose to voqc\nconvert to rzq\n,"[DBG] Expected error: 0.500000;   t: 0.010000\n[DBG] Analyzing /var/folders/8l/ycc5vbn93_56mddr52w8zp040000gn/T/qblue_bench_xi0c9l82/BK_N2_sto3g_10_electrons_16_spin_orbitals_Hamiltonian_1177_paulis.txt.marqsim.txt:\n[DBG] Length of Pauli String 1177\n\n[DBG] ---- Trotterization (QDrift) -> IBMDigital circuits: ----\n[DBG] Dealing with 4 pauli strings; lambda = 60.625823; relaxation factor: 1.354089.\n[DBG] Input circuit uses 16 qubits, has 8 gates:  { H : 0, X : 0, Rzq : 2, CX : 6 }.\n[DBG] After optimization, the circuit uses 1 gates : { U1 : 1, U2 : 0, U3 : 0, CX : 0 }.\n\n"
Genesis_dataset,genesis,/Users/jbg/Development/particleSystem/QBlue_Benchmark_Datasets/Genesis_dataset/C2/BK_C2_sto3g_10_electrons_16_spin_orbitals_Hamiltonian_1177_paulis.txt,BK_C2_sto3g_10_electrons_16_spin_orbitals_Hamiltonian_1177_paulis.txt,0.5,0.01,std,0,none,Trotterization (1st-order),IBMDigital,1177,342507,291,,1.041276,False,2.242125,,,,,,,,,,,,,,Start analyze_one_circuit\nBefore lexing\nafter lexing\nbefore parser\nafter parser\nAfter parserAfter getting qubit 16\n,[DBG] Expected error: 0.500000;   t: 0.010000\n[DBG] Analyzing /var/folders/8l/ycc5vbn93_56mddr52w8zp040000gn/T/qblue_bench_xi0c9l82/BK_C2_sto3g_10_electrons_16_spin_orbitals_Hamiltonian_1177_paulis.txt.marqsim.txt:\n[DBG] Length of Pauli String 1177\n\n[DBG] ---- Trotterization (1st-order) -> IBMDigital circuits: ----\n[DBG] Dealing with 342507 pauli strings; relaxation factor: 1.041276; splitting r: 291.\n
Genesis_dataset,genesis,/Users/jbg/Development/particleSystem/QBlue_Benchmark_Datasets/Genesis_dataset/C2/BK_C2_sto3g_10_electrons_16_spin_orbitals_Hamiltonian_1177_paulis.txt,BK_C2_sto3g_10_electrons_16_spin_orbitals_Hamiltonian_1177_paulis.txt,0.5,0.01,qdrift,1,none,Trotterization (QDrift),IBMDigital,1177,6,,80.451692,1.307572,True,0.041631,16,23,0,0,3,20,"{""CX"": 20, ""H"": 0, ""Rzq"": 3, ""X"": 0}",1,1,0,0,0,"{""CX"": 0, ""U1"": 1, ""U2"": 0, ""U3"": 0}",Start analyze_one_circuit\nBefore lexing\nafter lexing\nbefore parser\nafter parser\nAfter parserAfter getting qubit 16\ndecompose to full gate set\ndecompose to voqc\nconvert to rzq\n,"[DBG] Expected error: 0.500000;   t: 0.010000\n[DBG] Analyzing /var/folders/8l/ycc5vbn93_56mddr52w8zp040000gn/T/qblue_bench_xi0c9l82/BK_C2_sto3g_10_electrons_16_spin_orbitals_Hamiltonian_1177_paulis.txt.marqsim.txt:\n[DBG] Length of Pauli String 1177\n\n[DBG] ---- Trotterization (QDrift) -> IBMDigital circuits: ----\n[DBG] Dealing with 6 pauli strings; lambda = 80.451692; relaxation factor: 1.307572.\n[DBG] Input circuit uses 16 qubits, has 23 gates:  { H : 0, X : 0, Rzq : 3, CX : 20 }.\n[DBG] After optimization, the circuit uses 1 gates : { U1 : 1, U2 : 0, U3 : 0, CX : 0 }.\n\n"
Genesis_dataset,genesis,/Users/jbg/Development/particleSystem/QBlue_Benchmark_Datasets/Genesis_dataset/H2O/JW_H2O_sto3g_10_electrons_14_spin_orbitals_Hamiltonian_1654_paulis.txt,JW_H2O_sto3g_10_electrons_14_spin_orbitals_Hamiltonian_1654_paulis.txt,0.5,0.01,std,0,none,Trotterization (1st-order),IBMDigital,1654,934510,565,,1.029707,False,5.172506,,,,,,,,,,,,,,Start analyze_one_circuit\nBefore lexing\nafter lexing\nbefore parser\nafter parser\nAfter parserAfter getting qubit 14\n,[DBG] Expected error: 0.500000;   t: 0.010000\n[DBG] Analyzing /var/folders/8l/ycc5vbn93_56mddr52w8zp040000gn/T/qblue_bench_xi0c9l82/JW_H2O_sto3g_10_electrons_14_spin_orbitals_Hamiltonian_1654_paulis.txt.marqsim.txt:\n[DBG] Length of Pauli String 1654\n\n[DBG] ---- Trotterization (1st-order) -> IBMDigital circuits: ----\n[DBG] Dealing with 934510 pauli strings; relaxation factor: 1.029707; splitting r: 565.\n
Genesis_dataset,genesis,/Users/jbg/Development/particleSystem/QBlue_Benchmark_Datasets/Genesis_dataset/H2O/JW_H2O_sto3g_10_electrons_14_spin_orbitals_Hamiltonian_1654_paulis.txt,JW_H2O_sto3g_10_electrons_14_spin_orbitals_Hamiltonian_1654_paulis.txt,0.5,0.01,qdrift,1,none,Trotterization (QDrift),IBMDigital,1654,9,,121.618886,1.310311,True,0.039030,14,16,2,0,6,8,"{""CX"": 8, ""H"": 2, ""Rzq"": 6, ""X"": 0}",1,0,0,1,0,"{""CX"": 0, ""U1"": 0, ""U2"": 0, ""U3"": 1}",Start analyze_one_circuit\nBefore lexing\nafter lexing\nbefore parser\nafter parser\nAfter parserAfter getting qubit 14\ndecompose to full gate set\ndecompose to voqc\nconvert to rzq\n,"[DBG] Expected error: 0.500000;   t: 0.010000\n[DBG] Analyzing /var/folders/8l/ycc5vbn93_56mddr52w8zp040000gn/T/qblue_bench_xi0c9l82/JW_H2O_sto3g_10_electrons_14_spin_orbitals_Hamiltonian_1654_paulis.txt.marqsim.txt:\n[DBG] Length of Pauli String 1654\n\n[DBG] ---- Trotterization (QDrift) -> IBMDigital circuits: ----\n[DBG] Dealing with 9 pauli strings; lambda = 121.618886; relaxation factor: 1.310311.\n[DBG] Input circuit uses 14 qubits, has 16 gates:  { H : 2, X : 0, Rzq : 6, CX : 8 }.\n[DBG] After optimization, the circuit uses 1 gates : { U1 : 0, U2 : 0, U3 : 1, CX : 0 }.\n\n"
Genesis_dataset,genesis,/Users/jbg/Development/particleSystem/QBlue_Benchmark_Datasets/Genesis_dataset/H2O/BK_H2O_sto3g_10_electrons_14_spin_orbitals_Hamiltonian_1654_paulis.txt,BK_H2O_sto3g_10_electrons_14_spin_orbitals_Hamiltonian_1654_paulis.txt,0.5,0.01,std,0,none,Trotterization (1st-order),IBMDigital,1654,934510,565,,1.029707,False,5.191170,,,,,,,,,,,,,,Start analyze_one_circuit\nBefore lexing\nafter lexing\nbefore parser\nafter parser\nAfter parserAfter getting qubit 14\n,[DBG] Expected error: 0.500000;   t: 0.010000\n[DBG] Analyzing /var/folders/8l/ycc5vbn93_56mddr52w8zp040000gn/T/qblue_bench_xi0c9l82/BK_H2O_sto3g_10_electrons_14_spin_orbitals_Hamiltonian_1654_paulis.txt.marqsim.txt:\n[DBG] Length of Pauli String 1654\n\n[DBG] ---- Trotterization (1st-order) -> IBMDigital circuits: ----\n[DBG] Dealing with 934510 pauli strings; relaxation factor: 1.029707; splitting r: 565.\n
Genesis_dataset,genesis,/Users/jbg/Development/particleSystem/QBlue_Benchmark_Datasets/Genesis_dataset/H2O/BK_H2O_sto3g_10_electrons_14_spin_orbitals_Hamiltonian_1654_paulis.txt,BK_H2O_sto3g_10_electrons_14_spin_orbitals_Hamiltonian_1654_paulis.txt,0.5,0.01,qdrift,1,none,Trotterization (QDrift),IBMDigital,1654,9,,121.618886,1.310311,True,0.042291,14,28,0,0,4,24,"{""CX"": 24, ""H"": 0, ""Rzq"": 4, ""X"": 0}",1,1,0,0,0,"{""CX"": 0, ""U1"": 1, ""U2"": 0, ""U3"": 0}",Start analyze_one_circuit\nBefore lexing\nafter lexing\nbefore parser\nafter parser\nAfter parserAfter getting qubit 14\ndecompose to full gate set\ndecompose to voqc\nconvert to rzq\n,"[DBG] Expected error: 0.500000;   t: 0.010000\n[DBG] Analyzing /var/folders/8l/ycc5vbn93_56mddr52w8zp040000gn/T/qblue_bench_xi0c9l82/BK_H2O_sto3g_10_electrons_14_spin_orbitals_Hamiltonian_1654_paulis.txt.marqsim.txt:\n[DBG] Length of Pauli String 1654\n\n[DBG] ---- Trotterization (QDrift) -> IBMDigital circuits: ----\n[DBG] Dealing with 9 pauli strings; lambda = 121.618886; relaxation factor: 1.310311.\n[DBG] Input circuit uses 14 qubits, has 28 gates:  { H : 0, X : 0, Rzq : 4, CX : 24 }.\n[DBG] After optimization, the circuit uses 1 gates : { U1 : 1, U2 : 0, U3 : 0, CX : 0 }.\n\n"
Genesis_dataset,genesis,/Users/jbg/Development/particleSystem/QBlue_Benchmark_Datasets/Genesis_dataset/NH3/JW_NH3_sto3g_8_electrons_14_spin_orbitals_Hamiltonian_1734_paulis.txt,JW_NH3_sto3g_8_electrons_14_spin_orbitals_Hamiltonian_1734_paulis.txt,0.5,0.01,std,0,none,Trotterization (1st-order),IBMDigital,1734,1075080,620,,1.028363,False,5.630985,,,,,,,,,,,,,,Start analyze_one_circuit\nBefore lexing\nafter lexing\nbefore parser\nafter parser\nAfter parserAfter getting qubit 14\n,[DBG] Expected error: 0.500000;   t: 0.010000\n[DBG] Analyzing /var/folders/8l/ycc5vbn93_56mddr52w8zp040000gn/T/qblue_bench_xi0c9l82/JW_NH3_sto3g_8_electrons_14_spin_orbitals_Hamiltonian_1734_paulis.txt.marqsim.txt:\n[DBG] Length of Pauli String 1734\n\n[DBG] ---- Trotterization (1st-order) -> IBMDigital circuits: ----\n[DBG] Dealing with 1075080 pauli strings; relaxation factor: 1.028363; splitting r: 620.\n
Genesis_dataset,genesis,/Users/jbg/Development/particleSystem/QBlue_Benchmark_Datasets/Genesis_dataset/NH3/JW_NH3_sto3g_8_electrons_14_spin_orbitals_Hamiltonian_1734_paulis.txt,JW_NH3_sto3g_8_electrons_14_spin_orbitals_Hamiltonian_1734_paulis.txt,0.5,0.01,qdrift,1,none,Trotterization (QDrift),IBMDigital,1734,3,,44.173654,1.342443,True,0.057171,14,3,0,0,1,2,"{""CX"": 2, ""H"": 0, ""Rzq"": 1, ""X"": 0}",1,1,0,0,0,"{""CX"": 0, ""U1"": 1, ""U2"": 0, ""U3"": 0}",Start analyze_one_circuit\nBefore lexing\nafter lexing\nbefore parser\nafter parser\nAfter parserAfter getting qubit 14\ndecompose to full gate set\ndecompose to voqc\nconvert to rzq\n,"[DBG] Expected error: 0.500000;   t: 0.010000\n[DBG] Analyzing /var/folders/8l/ycc5vbn93_56mddr52w8zp040000gn/T/qblue_bench_xi0c9l82/JW_NH3_sto3g_8_electrons_14_spin_orbitals_Hamiltonian_1734_paulis.txt.marqsim.txt:\n[DBG] Length of Pauli String 1734\n\n[DBG] ---- Trotterization (QDrift) -> IBMDigital circuits: ----\n[DBG] Dealing with 3 pauli strings; lambda = 44.173654; relaxation factor: 1.342443.\n[DBG] Input circuit uses 14 qubits, has 3 gates:  { H : 0, X : 0, Rzq : 1, CX : 2 }.\n[DBG] After optimization, the circuit uses 1 gates : { U1 : 1, U2 : 0, U3 : 0, CX : 0 }.\n\n"
Genesis_dataset,genesis,/Users/jbg/Development/particleSystem/QBlue_Benchmark_Datasets/Genesis_dataset/NH3/BK_NH3_sto3g_8_electrons_14_spin_orbitals_Hamiltonian_1734_paulis.txt,BK_NH3_sto3g_8_electrons_14_spin_orbitals_Hamiltonian_1734_paulis.txt,0.5,0.01,std,0,none,Trotterization (1st-order),IBMDigital,1734,1075080,620,,1.028363,False,6.115870,,,,,,,,,,,,,,Start analyze_one_circuit\nBefore lexing\nafter lexing\nbefore parser\nafter parser\nAfter parserAfter getting qubit 14\n,[DBG] Expected error: 0.500000;   t: 0.010000\n[DBG] Analyzing /var/folders/8l/ycc5vbn93_56mddr52w8zp040000gn/T/qblue_bench_xi0c9l82/BK_NH3_sto3g_8_electrons_14_spin_orbitals_Hamiltonian_1734_paulis.txt.marqsim.txt:\n[DBG] Length of Pauli String 1734\n\n[DBG] ---- Trotterization (1st-order) -> IBMDigital circuits: ----\n[DBG] Dealing with 1075080 pauli strings; relaxation factor: 1.028363; splitting r: 620.\n
Genesis_dataset,genesis,/Users/jbg/Development/particleSystem/QBlue_Benchmark_Datasets/Genesis_dataset/NH3/BK_NH3_sto3g_8_electrons_14_spin_orbitals_Hamiltonian_1734_paulis.txt,BK_NH3_sto3g_8_electrons_14_spin_orbitals_Hamiltonian_1734_paulis.txt,0.5,0.01,qdrift,1,none,Trotterization (QDrift),IBMDigital,1734,3,,44.173654,1.342443,True,0.039599,14,5,0,0,1,4,"{""CX"": 4, ""H"": 0, ""Rzq"": 1, ""X"": 0}",1,1,0,0,0,"{""CX"": 0, ""U1"": 1, ""U2"": 0, ""U3"": 0}",Start analyze_one_circuit\nBefore lexing\nafter lexing\nbefore parser\nafter parser\nAfter parserAfter getting qubit 14\ndecompose to full gate set\ndecompose to voqc\nconvert to rzq\n,"[DBG] Expected error: 0.500000;   t: 0.010000\n[DBG] Analyzing /var/folders/8l/ycc5vbn93_56mddr52w8zp040000gn/T/qblue_bench_xi0c9l82/BK_NH3_sto3g_8_electrons_14_spin_orbitals_Hamiltonian_1734_paulis.txt.marqsim.txt:\n[DBG] Length of Pauli String 1734\n\n[DBG] ---- Trotterization (QDrift) -> IBMDigital circuits: ----\n[DBG] Dealing with 3 pauli strings; lambda = 44.173654; relaxation factor: 1.342443.\n[DBG] Input circuit uses 14 qubits, has 5 gates:  { H : 0, X : 0, Rzq : 1, CX : 4 }.\n[DBG] After optimization, the circuit uses 1 gates : { U1 : 1, U2 : 0, U3 : 0, CX : 0 }.\n\n"
Genesis_dataset,genesis,/Users/jbg/Development/particleSystem/QBlue_Benchmark_Datasets/Genesis_dataset/N2/JW_N2_sto3g_12_electrons_18_spin_orbitals_Hamiltonian_1884_paulis.txt,JW_N2_sto3g_12_electrons_18_spin_orbitals_Hamiltonian_1884_paulis.txt,0.5,0.01,std,0,none,Trotterization (1st-order),IBMDigital,1884,1375320,730,,1.026144,False,9.059449,,,,,,,,,,,,,,Start analyze_one_circuit\nBefore lexing\nafter lexing\nbefore parser\nafter parser\nAfter parserAfter getting qubit 18\n,[DBG] Expected error: 0.500000;   t: 0.010000\n[DBG] Analyzing /var/folders/8l/ycc5vbn93_56mddr52w8zp040000gn/T/qblue_bench_xi0c9l82/JW_N2_sto3g_12_electrons_18_spin_orbitals_Hamiltonian_1884_paulis.txt.marqsim.txt:\n[DBG] Length of Pauli String 1884\n\n[DBG] ---- Trotterization (1st-order) -> IBMDigital circuits: ----\n[DBG] Dealing with 1375320 pauli strings; relaxation factor: 1.026144; splitting r: 730.\n
Genesis_dataset,genesis,/Users/jbg/Development/particleSystem/QBlue_Benchmark_Datasets/Genesis_dataset/N2/JW_N2_sto3g_12_electrons_18_spin_orbitals_Hamiltonian_1884_paulis.txt,JW_N2_sto3g_12_electrons_18_spin_orbitals_Hamiltonian_1884_paulis.txt,0.5,0.01,qdrift,1,none,Trotterization (QDrift),IBMDigital,1884,10,,123.060928,1.279055,True,0.060162,18,26,6,0,8,12,"{""CX"": 12, ""H"": 6, ""Rzq"": 8, ""X"": 0}",10,1,4,0,5,"{""CX"": 5, ""U1"": 1, ""U2"": 4, ""U3"": 0}",Start analyze_one_circuit\nBefore lexing\nafter lexing\nbefore parser\nafter parser\nAfter parserAfter getting qubit 18\ndecompose to full gate set\ndecompose to voqc\nconvert to rzq\n,"[DBG] Expected error: 0.500000;   t: 0.010000\n[DBG] Analyzing /var/folders/8l/ycc5vbn93_56mddr52w8zp040000gn/T/qblue_bench_xi0c9l82/JW_N2_sto3g_12_electrons_18_spin_orbitals_Hamiltonian_1884_paulis.txt.marqsim.txt:\n[DBG] Length of Pauli String 1884\n\n[DBG] ---- Trotterization (QDrift) -> IBMDigital circuits: ----\n[DBG] Dealing with 10 pauli strings; lambda = 123.060928; relaxation factor: 1.279055.\n[DBG] Input circuit uses 18 qubits, has 26 gates:  { H : 6, X : 0, Rzq : 8, CX : 12 }.\n[DBG] After optimization, the circuit uses 10 gates : { U1 : 1, U2 : 4, U3 : 0, CX : 5 }.\n\n"
Genesis_dataset,genesis,/Users/jbg/Development/particleSystem/QBlue_Benchmark_Datasets/Genesis_dataset/N2/BK_N2_sto3g_12_electrons_18_spin_orbitals_Hamiltonian_1884_paulis.txt,BK_N2_sto3g_12_electrons_18_spin_orbitals_Hamiltonian_1884_paulis.txt,0.5,0.01,std,0,none,Trotterization (1st-order),IBMDigital,1884,1375320,730,,1.026144,False,9.684710,,,,,,,,,,,,,,Start analyze_one_circuit\nBefore lexing\nafter lexing\nbefore parser\nafter parser\nAfter parserAfter getting qubit 18\n,[DBG] Expected error: 0.500000;   t: 0.010000\n[DBG] Analyzing /var/folders/8l/ycc5vbn93_56mddr52w8zp040000gn/T/qblue_bench_xi0c9l82/BK_N2_sto3g_12_electrons_18_spin_orbitals_Hamiltonian_1884_paulis.txt.marqsim.txt:\n[DBG] Length of Pauli String 1884\n\n[DBG] ---- Trotterization (1st-order) -> IBMDigital circuits: ----\n[DBG] Dealing with 1375320 pauli strings; relaxation factor: 1.026144; splitting r: 730.\n
Genesis_dataset,genesis,/Users/jbg/Development/particleSystem/QBlue_Benchmark_Datasets/Genesis_dataset/N2/BK_N2_sto3g_12_electrons_18_spin_orbitals_Hamiltonian_1884_paulis.txt,BK_N2_sto3g_12_electrons_18_spin_orbitals_Hamiltonian_1884_paulis.txt,0.5,0.01,qdrift,1,none,Trotterization (QDrift),IBMDigital,1884,10,,123.060928,1.279055,True,0.078012,18,34,10,0,6,18,"{""CX"": 18, ""H"": 10, ""Rzq"": 6, ""X"": 0}",10,1,4,0,5,"{""CX"": 5, ""U1"": 1, ""U2"": 4, ""U3"": 0}",Start analyze_one_circuit\nBefore lexing\nafter lexing\nbefore parser\nafter parser\nAfter parserAfter getting qubit 18\ndecompose to full gate set\ndecompose to voqc\nconvert to rzq\n,"[DBG] Expected error: 0.500000;   t: 0.010000\n[DBG] Analyzing /var/folders/8l/ycc5vbn93_56mddr52w8zp040000gn/T/qblue_bench_xi0c9l82/BK_N2_sto3g_12_electrons_18_spin_orbitals_Hamiltonian_1884_paulis.txt.marqsim.txt:\n[DBG] Length of Pauli String 1884\n\n[DBG] ---- Trotterization (QDrift) -> IBMDigital circuits: ----\n[DBG] Dealing with 10 pauli strings; lambda = 123.060928; relaxation factor: 1.279055.\n[DBG] Input circuit uses 18 qubits, has 34 gates:  { H : 10, X : 0, Rzq : 6, CX : 18 }.\n[DBG] After optimization, the circuit uses 10 gates : { U1 : 1, U2 : 4, U3 : 0, CX : 5 }.\n\n"
Genesis_dataset,genesis,/Users/jbg/Development/particleSystem/QBlue_Benchmark_Datasets/Genesis_dataset/C2/JW_C2_sto3g_12_electrons_18_spin_orbitals_Hamiltonian_1884_paulis.txt,JW_C2_sto3g_12_electrons_18_spin_orbitals_Hamiltonian_1884_paulis.txt,0.5,0.01,std,0,none,Trotterization (1st-order),IBMDigital,1884,1375320,730,,1.026144,False,8.993620,,,,,,,,,,,,,,Start analyze_one_circuit\nBefore lexing\nafter lexing\nbefore parser\nafter parser\nAfter parserAfter getting qubit 18\n,[DBG] Expected error: 0.500000;   t: 0.010000\n[DBG] Analyzing /var/folders/8l/ycc5vbn93_56mddr52w8zp040000gn/T/qblue_bench_xi0c9l82/JW_C2_sto3g_12_electrons_18_spin_orbitals_Hamiltonian_1884_paulis.txt.marqsim.txt:\n[DBG] Length of Pauli String 1884\n\n[DBG] ---- Trotterization (1st-order) -> IBMDigital circuits: ----\n[DBG] Dealing with 1375320 pauli strings; relaxation factor: 1.026144; splitting r: 730.\n
Genesis_dataset,genesis,/Users/jbg/Development/particleSystem/QBlue_Benchmark_Datasets/Genesis_dataset/C2/JW_C2_sto3g_12_electrons_18_spin_orbitals_Hamiltonian_1884_paulis.txt,JW_C2_sto3g_12_electrons_18_spin_orbitals_Hamiltonian_1884_paulis.txt,0.5,0.01,qdrift,1,none,Trotterization (QDrift),IBMDigital,1884,12,,138.700976,1.260071,True,0.046567,18,3,0,0,1,2,"{""CX"": 2, ""H"": 0, ""Rzq"": 1, ""X"": 0}",1,1,0,0,0,"{""CX"": 0, ""U1"": 1, ""U2"": 0, ""U3"": 0}",Start analyze_one_circuit\nBefore lexing\nafter lexing\nbefore parser\nafter parser\nAfter parserAfter getting qubit 18\ndecompose to full gate set\ndecompose to voqc\nconvert to rzq\n,"[DBG] Expected error: 0.500000;   t: 0.010000\n[DBG] Analyzing /var/folders/8l/ycc5vbn93_56mddr52w8zp040000gn/T/qblue_bench_xi0c9l82/JW_C2_sto3g_12_electrons_18_spin_orbitals_Hamiltonian_1884_paulis.txt.marqsim.txt:\n[DBG] Length of Pauli String 1884\n\n[DBG] ---- Trotterization (QDrift) -> IBMDigital circuits: ----\n[DBG] Dealing with 12 pauli strings; lambda = 138.700976; relaxation factor: 1.260071.\n[DBG] Input circuit uses 18 qubits, has 3 gates:  { H : 0, X : 0, Rzq : 1, CX : 2 }.\n[DBG] After optimization, the circuit uses 1 gates : { U1 : 1, U2 : 0, U3 : 0, CX : 0 }.\n\n"
Genesis_dataset,genesis,/Users/jbg/Development/particleSystem/QBlue_Benchmark_Datasets/Genesis_dataset/C2/BK_C2_sto3g_12_electrons_18_spin_orbitals_Hamiltonian_1884_paulis.txt,BK_C2_sto3g_12_electrons_18_spin_orbitals_Hamiltonian_1884_paulis.txt,0.5,0.01,std,0,none,Trotterization (1st-order),IBMDigital,1884,1375320,730,,1.026144,False,9.598083,,,,,,,,,,,,,,Start analyze_one_circuit\nBefore lexing\nafter lexing\nbefore parser\nafter parser\nAfter parserAfter getting qubit 18\n,[DBG] Expected error: 0.500000;   t: 0.010000\n[DBG] Analyzing /var/folders/8l/ycc5vbn93_56mddr52w8zp040000gn/T/qblue_bench_xi0c9l82/BK_C2_sto3g_12_electrons_18_spin_orbitals_Hamiltonian_1884_paulis.txt.marqsim.txt:\n[DBG] Length of Pauli String 1884\n\n[DBG] ---- Trotterization (1st-order) -> IBMDigital circuits: ----\n[DBG] Dealing with 1375320 pauli strings; relaxation factor: 1.026144; splitting r: 730.\n
Genesis_dataset,genesis,/Users/jbg/Development/particleSystem/QBlue_Benchmark_Datasets/Genesis_dataset/C2/BK_C2_sto3g_12_electrons_18_spin_orbitals_Hamiltonian_1884_paulis.txt,BK_C2_sto3g_12_electrons_18_spin_orbitals_Hamiltonian_1884_paulis.txt,0.5,0.01,qdrift,1,none,Trotterization (QDrift),IBMDigital,1884,12,,138.700976,1.260071,True,0.053551,18,3,0,0,1,2,"{""CX"": 2, ""H"": 0, ""Rzq"": 1, ""X"": 0}",1,1,0,0,0,"{""CX"": 0, ""U1"": 1, ""U2"": 0, ""U3"": 0}",Start analyze_one_circuit\nBefore lexing\nafter lexing\nbefore parser\nafter parser\nAfter parserAfter getting qubit 18\ndecompose to full gate set\ndecompose to voqc\nconvert to rzq\n,"[DBG] Expected error: 0.500000;   t: 0.010000\n[DBG] Analyzing /var/folders/8l/ycc5vbn93_56mddr52w8zp040000gn/T/qblue_bench_xi0c9l82/BK_C2_sto3g_12_electrons_18_spin_orbitals_Hamiltonian_1884_paulis.txt.marqsim.txt:\n[DBG] Length of Pauli String 1884\n\n[DBG] ---- Trotterization (QDrift) -> IBMDigital circuits: ----\n[DBG] Dealing with 12 pauli strings; lambda = 138.700976; relaxation factor: 1.260071.\n[DBG] Input circuit uses 18 qubits, has 3 gates:  { H : 0, X : 0, Rzq : 1, CX : 2 }.\n[DBG] After optimization, the circuit uses 1 gates : { U1 : 1, U2 : 0, U3 : 0, CX : 0 }.\n\n"
Genesis_dataset,genesis,/Users/jbg/Development/particleSystem/QBlue_Benchmark_Datasets/Genesis_dataset/ethylene/JW_ethylene_sto3g_12_electrons_20_spin_orbitals_Hamiltonian_2063_paulis.txt,JW_ethylene_sto3g_12_electrons_20_spin_orbitals_Hamiltonian_2063_paulis.txt,0.5,0.01,std,0,none,Trotterization (1st-order),IBMDigital,2063,1800999,873,,1.023913,False,12.843885,,,,,,,,,,,,,,Start analyze_one_circuit\nBefore lexing\nafter lexing\nbefore parser\nafter parser\nAfter parserAfter getting qubit 20\n,[DBG] Expected error: 0.500000;   t: 0.010000\n[DBG] Analyzing /var/folders/8l/ycc5vbn93_56mddr52w8zp040000gn/T/qblue_bench_xi0c9l82/JW_ethylene_sto3g_12_electrons_20_spin_orbitals_Hamiltonian_2063_paulis.txt.marqsim.txt:\n[DBG] Length of Pauli String 2063\n\n[DBG] ---- Trotterization (1st-order) -> IBMDigital circuits: ----\n[DBG] Dealing with 1800999 pauli strings; relaxation factor: 1.023913; splitting r: 873.\n
Genesis_dataset,genesis,/Users/jbg/Development/particleSystem/QBlue_Benchmark_Datasets/Genesis_dataset/ethylene/JW_ethylene_sto3g_12_electrons_20_spin_orbitals_Hamiltonian_2063_paulis.txt,JW_ethylene_sto3g_12_electrons_20_spin_orbitals_Hamiltonian_2063_paulis.txt,0.5,0.01,qdrift,1,none,Trotterization (QDrift),IBMDigital,2063,5,,71.651881,1.331901,True,0.090788,20,3,0,0,1,2,"{""CX"": 2, ""H"": 0, ""Rzq"": 1, ""X"": 0}",3,1,0,0,2,"{""CX"": 2, ""U1"": 1, ""U2"": 0, ""U3"": 0}",Start analyze_one_circuit\nBefore lexing\nafter lexing\nbefore parser\nafter parser\nAfter parserAfter getting qubit 20\ndecompose to full gate set\ndecompose to voqc\nconvert to rzq\n,"[DBG] Expected error: 0.500000;   t: 0.010000\n[DBG] Analyzing /var/folders/8l/ycc5vbn93_56mddr52w8zp040000gn/T/qblue_bench_xi0c9l82/JW_ethylene_sto3g_12_electrons_20_spin_orbitals_Hamiltonian_2063_paulis.txt.marqsim.txt:\n[DBG] Length of Pauli String 2063\n\n[DBG] ---- Trotterization (QDrift) -> IBMDigital circuits: ----\n[DBG] Dealing with 5 pauli strings; lambda = 71.651881; relaxation factor: 1.331901.\n[DBG] Input circuit uses 20 qubits, has 3 gates:  { H : 0, X : 0, Rzq : 1, CX : 2 }.\n[DBG] After optimization, the circuit uses 3 gates : { U1 : 1, U2 : 0, U3 : 0, CX : 2 }.\n\n"
Genesis_dataset,genesis,/Users/jbg/Development/particleSystem/QBlue_Benchmark_Datasets/Genesis_dataset/ethylene/BK_ethylene_sto3g_12_electrons_20_spin_orbitals_Hamiltonian_2063_paulis.txt,BK_ethylene_sto3g_12_electrons_20_spin_orbitals_Hamiltonian_2063_paulis.txt,0.5,0.01,std,0,none,Trotterization (1st-order),IBMDigital,2063,1800999,873,,1.023913,False,13.480806,,,,,,,,,,,,,,Start analyze_one_circuit\nBefore lexing\nafter lexing\nbefore parser\nafter parser\nAfter parserAfter getting qubit 20\n,[DBG] Expected error: 0.500000;   t: 0.010000\n[DBG] Analyzing /var/folders/8l/ycc5vbn93_56mddr52w8zp040000gn/T/qblue_bench_xi0c9l82/BK_ethylene_sto3g_12_electrons_20_spin_orbitals_Hamiltonian_2063_paulis.txt.marqsim.txt:\n[DBG] Length of Pauli String 2063\n\n[DBG] ---- Trotterization (1st-order) -> IBMDigital circuits: ----\n[DBG] Dealing with 1800999 pauli strings; relaxation factor: 1.023913; splitting r: 873.\n
Genesis_dataset,genesis,/Users/jbg/Development/particleSystem/QBlue_Benchmark_Datasets/Genesis_dataset/ethylene/BK_ethylene_sto3g_12_electrons_20_spin_orbitals_Hamiltonian_2063_paulis.txt,BK_ethylene_sto3g_12_electrons_20_spin_orbitals_Hamiltonian_2063_paulis.txt,0.5,0.01,qdrift,1,none,Trotterization (QDrift),IBMDigital,2063,5,,71.651881,1.331901,True,0.104665,20,3,0,0,1,2,"{""CX"": 2, ""H"": 0, ""Rzq"": 1, ""X"": 0}",3,1,0,0,2,"{""CX"": 2, ""U1"": 1, ""U2"": 0, ""U3"": 0}",Start analyze_one_circuit\nBefore lexing\nafter lexing\nbefore parser\nafter parser\nAfter parserAfter getting qubit 20\ndecompose to full gate set\ndecompose to voqc\nconvert to rzq\n,"[DBG] Expected error: 0.500000;   t: 0.010000\n[DBG] Analyzing /var/folders/8l/ycc5vbn93_56mddr52w8zp040000gn/T/qblue_bench_xi0c9l82/BK_ethylene_sto3g_12_electrons_20_spin_orbitals_Hamiltonian_2063_paulis.txt.marqsim.txt:\n[DBG] Length of Pauli String 2063\n\n[DBG] ---- Trotterization (QDrift) -> IBMDigital circuits: ----\n[DBG] Dealing with 5 pauli strings; lambda = 71.651881; relaxation factor: 1.331901.\n[DBG] Input circuit uses 20 qubits, has 3 gates:  { H : 0, X : 0, Rzq : 1, CX : 2 }.\n[DBG] After optimization, the circuit uses 3 gates : { U1 : 1, U2 : 0, U3 : 0, CX : 2 }.\n\n"
Genesis_dataset,genesis,/Users/jbg/Development/particleSystem/QBlue_Benchmark_Datasets/Genesis_dataset/NH3/JW_NH3_sto3g_10_electrons_16_spin_orbitals_Hamiltonian_2913_paulis.txt,JW_NH3_sto3g_10_electrons_16_spin_orbitals_Hamiltonian_2913_paulis.txt,0.5,0.01,std,0,none,Trotterization (1st-order),IBMDigital,2913,5033664,1728,,1.017001,False,36.961612,,,,,,,,,,,,,,Start analyze_one_circuit\nBefore lexing\nafter lexing\nbefore parser\nafter parser\nAfter parserAfter getting qubit 16\n,[DBG] Expected error: 0.500000;   t: 0.010000\n[DBG] Analyzing /var/folders/8l/ycc5vbn93_56mddr52w8zp040000gn/T/qblue_bench_xi0c9l82/JW_NH3_sto3g_10_electrons_16_spin_orbitals_Hamiltonian_2913_paulis.txt.marqsim.txt:\n[DBG] Length of Pauli String 2913\n\n[DBG] ---- Trotterization (1st-order) -> IBMDigital circuits: ----\n[DBG] Dealing with 5033664 pauli strings; relaxation factor: 1.017001; splitting r: 1728.\n
Genesis_dataset,genesis,/Users/jbg/Development/particleSystem/QBlue_Benchmark_Datasets/Genesis_dataset/NH3/JW_NH3_sto3g_10_electrons_16_spin_orbitals_Hamiltonian_2913_paulis.txt,JW_NH3_sto3g_10_electrons_16_spin_orbitals_Hamiltonian_2913_paulis.txt,0.5,0.01,qdrift,1,none,Trotterization (QDrift),IBMDigital,2913,9,,111.844467,1.282156,True,0.105114,16,5,0,0,3,2,"{""CX"": 2, ""H"": 0, ""Rzq"": 3, ""X"": 0}",5,3,0,0,2,"{""CX"": 2, ""U1"": 3, ""U2"": 0, ""U3"": 0}",Start analyze_one_circuit\nBefore lexing\nafter lexing\nbefore parser\nafter parser\nAfter parserAfter getting qubit 16\ndecompose to full gate set\ndecompose to voqc\nconvert to rzq\n,"[DBG] Expected error: 0.500000;   t: 0.010000\n[DBG] Analyzing /var/folders/8l/ycc5vbn93_56mddr52w8zp040000gn/T/qblue_bench_xi0c9l82/JW_NH3_sto3g_10_electrons_16_spin_orbitals_Hamiltonian_2913_paulis.txt.marqsim.txt:\n[DBG] Length of Pauli String 2913\n\n[DBG] ---- Trotterization (QDrift) -> IBMDigital circuits: ----\n[DBG] Dealing with 9 pauli strings; lambda = 111.844467; relaxation factor: 1.282156.\n[DBG] Input circuit uses 16 qubits, has 5 gates:  { H : 0, X : 0, Rzq : 3, CX : 2 }.\n[DBG] After optimization, the circuit uses 5 gates : { U1 : 3, U2 : 0, U3 : 0, CX : 2 }.\n\n"
Genesis_dataset,genesis,/Users/jbg/Development/particleSystem/QBlue_Benchmark_Datasets/Genesis_dataset/NH3/BK_NH3_sto3g_10_electrons_16_spin_orbitals_Hamiltonian_2913_paulis.txt,BK_NH3_sto3g_10_electrons_16_spin_orbitals_Hamiltonian_2913_paulis.txt,0.5,0.01,std,0,none,Trotterization (1st-order),IBMDigital,2913,5033664,1728,,1.017001,False,36.178524,,,,,,,,,,,,,,Start analyze_one_circuit\nBefore lexing\nafter lexing\nbefore parser\nafter parser\nAfter parserAfter getting qubit 16\n,[DBG] Expected error: 0.500000;   t: 0.010000\n[DBG] Analyzing /var/folders/8l/ycc5vbn93_56mddr52w8zp040000gn/T/qblue_bench_xi0c9l82/BK_NH3_sto3g_10_electrons_16_spin_orbitals_Hamiltonian_2913_paulis.txt.marqsim.txt:\n[DBG] Length of Pauli String 2913\n\n[DBG] ---- Trotterization (1st-order) -> IBMDigital circuits: ----\n[DBG] Dealing with 5033664 pauli strings; relaxation factor: 1.017001; splitting r: 1728.\n
Genesis_dataset,genesis,/Users/jbg/Development/particleSystem/QBlue_Benchmark_Datasets/Genesis_dataset/NH3/BK_NH3_sto3g_10_electrons_16_spin_orbitals_Hamiltonian_2913_paulis.txt,BK_NH3_sto3g_10_electrons_16_spin_orbitals_Hamiltonian_2913_paulis.txt,0.5,0.01,qdrift,1,none,Trotterization (QDrift),IBMDigital,2913,9,,111.844467,1.282156,True,0.106131,16,13,0,0,3,10,"{""CX"": 10, ""H"": 0, ""Rzq"": 3, ""X"": 0}",18,3,0,0,15,"{""CX"": 15, ""U1"": 3, ""U2"": 0, ""U3"": 0}",Start analyze_one_circuit\nBefore lexing\nafter lexing\nbefore parser\nafter parser\nAfter parserAfter getting qubit 16\ndecompose to full gate set\ndecompose to voqc\nconvert to rzq\n,"[DBG] Expected error: 0.500000;   t: 0.010000\n[DBG] Analyzing /var/folders/8l/ycc5vbn93_56mddr52w8zp040000gn/T/qblue_bench_xi0c9l82/BK_NH3_sto3g_10_electrons_16_spin_orbitals_Hamiltonian_2913_paulis.txt.marqsim.txt:\n[DBG] Length of Pauli String 2913\n\n[DBG] ---- Trotterization (QDrift) -> IBMDigital circuits: ----\n[DBG] Dealing with 9 pauli strings; lambda = 111.844467; relaxation factor: 1.282156.\n[DBG] Input circuit uses 16 qubits, has 13 gates:  { H : 0, X : 0, Rzq : 3, CX : 10 }.\n[DBG] After optimization, the circuit uses 18 gates : { U1 : 3, U2 : 0, U3 : 0, CX : 15 }.\n\n"
Genesis_dataset,genesis,/Users/jbg/Development/particleSystem/QBlue_Benchmark_Datasets/Genesis_dataset/N2/JW_N2_sto3g_14_electrons_20_spin_orbitals_Hamiltonian_2951_paulis.txt,JW_N2_sto3g_14_electrons_20_spin_orbitals_Hamiltonian_2951_paulis.txt,0.5,0.01,std,0,none,Trotterization (1st-order),IBMDigital,2951,5229172,1772,,1.016793,False,49.591008,,,,,,,,,,,,,,Start analyze_one_circuit\nBefore lexing\nafter lexing\nbefore parser\nafter parser\nAfter parserAfter getting qubit 20\n,[DBG] Expected error: 0.500000;   t: 0.010000\n[DBG] Analyzing /var/folders/8l/ycc5vbn93_56mddr52w8zp040000gn/T/qblue_bench_xi0c9l82/JW_N2_sto3g_14_electrons_20_spin_orbitals_Hamiltonian_2951_paulis.txt.marqsim.txt:\n[DBG] Length of Pauli String 2951\n\n[DBG] ---- Trotterization (1st-order) -> IBMDigital circuits: ----\n[DBG] Dealing with 5229172 pauli strings; relaxation factor: 1.016793; splitting r: 1772.\n
Genesis_dataset,genesis,/Users/jbg/Development/particleSystem/QBlue_Benchmark_Datasets/Genesis_dataset/N2/JW_N2_sto3g_14_electrons_20_spin_orbitals_Hamiltonian_2951_paulis.txt,JW_N2_sto3g_14_electrons_20_spin_orbitals_Hamiltonian_2951_paulis.txt,0.5,0.01,qdrift,1,none,Trotterization (QDrift),IBMDigital,2951,22,,204.249884,1.204039,True,0.106253,20,49,6,0,11,32,"{""CX"": 32, ""H"": 6, ""Rzq"": 11, ""X"": 0}",5,1,2,0,2,"{""CX"": 2, ""U1"": 1, ""U2"": 2, ""U3"": 0}",Start analyze_one_circuit\nBefore lexing\nafter lexing\nbefore parser\nafter parser\nAfter parserAfter getting qubit 20\ndecompose to full gate set\ndecompose to voqc\nconvert to rzq\n,"[DBG] Expected error: 0.500000;   t: 0.010000\n[DBG] Analyzing /var/folders/8l/ycc5vbn93_56mddr52w8zp040000gn/T/qblue_bench_xi0c9l82/JW_N2_sto3g_14_electrons_20_spin_orbitals_Hamiltonian_2951_paulis.txt.marqsim.txt:\n[DBG] Length of Pauli String 2951\n\n[DBG] ---- Trotterization (QDrift) -> IBMDigital circuits: ----\n[DBG] Dealing with 22 pauli strings; lambda = 204.249884; relaxation factor: 1.204039.\n[DBG] Input circuit uses 20 qubits, has 49 gates:  { H : 6, X : 0, Rzq : 11, CX : 32 }.\n[DBG] After optimization, the circuit uses 5 gates : { U1 : 1, U2 : 2, U3 : 0, CX : 2 }.\n\n"
Genesis_dataset,genesis,/Users/jbg/Development/particleSystem/QBlue_Benchmark_Datasets/Genesis_dataset/N2/BK_N2_sto3g_14_electrons_20_spin_orbitals_Hamiltonian_2951_paulis.txt,BK_N2_sto3g_14_electrons_20_spin_orbitals_Hamiltonian_2951_paulis.txt,0.5,0.01,std,0,none,Trotterization (1st-order),IBMDigital,2951,5229172,1772,,1.016793,False,56.564459,,,,,,,,,,,,,,Start analyze_one_circuit\nBefore lexing\nafter lexing\nbefore parser\nafter parser\nAfter parserAfter getting qubit 20\n,[DBG] Expected error: 0.500000;   t: 0.010000\n[DBG] Analyzing /var/folders/8l/ycc5vbn93_56mddr52w8zp040000gn/T/qblue_bench_xi0c9l82/BK_N2_sto3g_14_electrons_20_spin_orbitals_Hamiltonian_2951_paulis.txt.marqsim.txt:\n[DBG] Length of Pauli String 2951\n\n[DBG] ---- Trotterization (1st-order) -> IBMDigital circuits: ----\n[DBG] Dealing with 5229172 pauli strings; relaxation factor: 1.016793; splitting r: 1772.\n
Genesis_dataset,genesis,/Users/jbg/Development/particleSystem/QBlue_Benchmark_Datasets/Genesis_dataset/N2/BK_N2_sto3g_14_electrons_20_spin_orbitals_Hamiltonian_2951_paulis.txt,BK_N2_sto3g_14_electrons_20_spin_orbitals_Hamiltonian_2951_paulis.txt,0.5,0.01,qdrift,1,none,Trotterization (QDrift),IBMDigital,2951,22,,204.249884,1.204039,True,0.112628,20,57,16,0,9,32,"{""CX"": 32, ""H"": 16, ""Rzq"": 9, ""X"": 0}",18,1,8,0,9,"{""CX"": 9, ""U1"": 1, ""U2"": 8, ""U3"": 0}",Start analyze_one_circuit\nBefore lexing\nafter lexing\nbefore parser\nafter parser\nAfter parserAfter getting qubit 20\ndecompose to full gate set\ndecompose to voqc\nconvert to rzq\n,"[DBG] Expected error: 0.500000;   t: 0.010000\n[DBG] Analyzing /var/folders/8l/ycc5vbn93_56mddr52w8zp040000gn/T/qblue_bench_xi0c9l82/BK_N2_sto3g_14_electrons_20_spin_orbitals_Hamiltonian_2951_paulis.txt.marqsim.txt:\n[DBG] Length of Pauli String 2951\n\n[DBG] ---- Trotterization (QDrift) -> IBMDigital circuits: ----\n[DBG] Dealing with 22 pauli strings; lambda = 204.249884; relaxation factor: 1.204039.\n[DBG] Input circuit uses 20 qubits, has 57 gates:  { H : 16, X : 0, Rzq : 9, CX : 32 }.\n[DBG] After optimization, the circuit uses 18 gates : { U1 : 1, U2 : 8, U3 : 0, CX : 9 }.\n\n"
Genesis_dataset,genesis,/Users/jbg/Development/particleSystem/QBlue_Benchmark_Datasets/Genesis_dataset/C2/BK_C2_sto3g_12_electrons_20_spin_orbitals_Hamiltonian_2951_paulis.txt,BK_C2_sto3g_12_electrons_20_spin_orbitals_Hamiltonian_2951_paulis.txt,0.5,0.01,std,0,none,Trotterization (1st-order),IBMDigital,2951,5229172,1772,,1.016793,False,52.041444,,,,,,,,,,,,,,Start analyze_one_circuit\nBefore lexing\nafter lexing\nbefore parser\nafter parser\nAfter parserAfter getting qubit 20\n,[DBG] Expected error: 0.500000;   t: 0.010000\n[DBG] Analyzing /var/folders/8l/ycc5vbn93_56mddr52w8zp040000gn/T/qblue_bench_xi0c9l82/BK_C2_sto3g_12_electrons_20_spin_orbitals_Hamiltonian_2951_paulis.txt.marqsim.txt:\n[DBG] Length of Pauli String 2951\n\n[DBG] ---- Trotterization (1st-order) -> IBMDigital circuits: ----\n[DBG] Dealing with 5229172 pauli strings; relaxation factor: 1.016793; splitting r: 1772.\n
Genesis_dataset,genesis,/Users/jbg/Development/particleSystem/QBlue_Benchmark_Datasets/Genesis_dataset/C2/BK_C2_sto3g_12_electrons_20_spin_orbitals_Hamiltonian_2951_paulis.txt,BK_C2_sto3g_12_electrons_20_spin_orbitals_Hamiltonian_2951_paulis.txt,0.5,0.01,qdrift,1,none,Trotterization (QDrift),IBMDigital,2951,13,,147.340455,1.254425,True,0.118291,20,57,16,0,9,32,"{""CX"": 32, ""H"": 16, ""Rzq"": 9, ""X"": 0}",18,1,8,0,9,"{""CX"": 9, ""U1"": 1, ""U2"": 8, ""U3"": 0}",Start analyze_one_circuit\nBefore lexing\nafter lexing\nbefore parser\nafter parser\nAfter parserAfter getting qubit 20\ndecompose to full gate set\ndecompose to voqc\nconvert to rzq\n,"[DBG] Expected error: 0.500000;   t: 0.010000\n[DBG] Analyzing /var/folders/8l/ycc5vbn93_56mddr52w8zp040000gn/T/qblue_bench_xi0c9l82/BK_C2_sto3g_12_electrons_20_spin_orbitals_Hamiltonian_2951_paulis.txt.marqsim.txt:\n[DBG] Length of Pauli String 2951\n\n[DBG] ---- Trotterization (QDrift) -> IBMDigital circuits: ----\n[DBG] Dealing with 13 pauli strings; lambda = 147.340455; relaxation factor: 1.254425.\n[DBG] Input circuit uses 20 qubits, has 57 gates:  { H : 16, X : 0, Rzq : 9, CX : 32 }.\n[DBG] After optimization, the circuit uses 18 gates : { U1 : 1, U2 : 8, U3 : 0, CX : 9 }.\n\n"
Genesis_dataset,genesis,/Users/jbg/Development/particleSystem/QBlue_Benchmark_Datasets/Genesis_dataset/C2/JW_C2_sto3g_12_electrons_20_spin_orbitals_Hamiltonian_2951_paulis.txt,JW_C2_sto3g_12_electrons_20_spin_orbitals_Hamiltonian_2951_paulis.txt,0.5,0.01,std,0,none,Trotterization (1st-order),IBMDigital,2951,5229172,1772,,1.016793,False,45.096156,,,,,,,,,,,,,,Start analyze_one_circuit\nBefore lexing\nafter lexing\nbefore parser\nafter parser\nAfter parserAfter getting qubit 20\n,[DBG] Expected error: 0.500000;   t: 0.010000\n[DBG] Analyzing /var/folders/8l/ycc5vbn93_56mddr52w8zp040000gn/T/qblue_bench_xi0c9l82/JW_C2_sto3g_12_electrons_20_spin_orbitals_Hamiltonian_2951_paulis.txt.marqsim.txt:\n[DBG] Length of Pauli String 2951\n\n[DBG] ---- Trotterization (1st-order) -> IBMDigital circuits: ----\n[DBG] Dealing with 5229172 pauli strings; relaxation factor: 1.016793; splitting r: 1772.\n
Genesis_dataset,genesis,/Users/jbg/Development/particleSystem/QBlue_Benchmark_Datasets/Genesis_dataset/C2/JW_C2_sto3g_12_electrons_20_spin_orbitals_Hamiltonian_2951_paulis.txt,JW_C2_sto3g_12_electrons_20_spin_orbitals_Hamiltonian_2951_paulis.txt,0.5,0.01,qdrift,1,none,Trotterization (QDrift),IBMDigital,2951,13,,147.340455,1.254425,True,0.112694,20,49,6,0,11,32,"{""CX"": 32, ""H"": 6, ""Rzq"": 11, ""X"": 0}",5,1,2,0,2,"{""CX"": 2, ""U1"": 1, ""U2"": 2, ""U3"": 0}",Start analyze_one_circuit\nBefore lexing\nafter lexing\nbefore parser\nafter parser\nAfter parserAfter getting qubit 20\ndecompose to full gate set\ndecompose to voqc\nconvert to rzq\n,"[DBG] Expected error: 0.500000;   t: 0.010000\n[DBG] Analyzing /var/folders/8l/ycc5vbn93_56mddr52w8zp040000gn/T/qblue_bench_xi0c9l82/JW_C2_sto3g_12_electrons_20_spin_orbitals_Hamiltonian_2951_paulis.txt.marqsim.txt:\n[DBG] Length of Pauli String 2951\n\n[DBG] ---- Trotterization (QDrift) -> IBMDigital circuits: ----\n[DBG] Dealing with 13 pauli strings; lambda = 147.340455; relaxation factor: 1.254425.\n[DBG] Input circuit uses 20 qubits, has 49 gates:  { H : 6, X : 0, Rzq : 11, CX : 32 }.\n[DBG] After optimization, the circuit uses 5 gates : { U1 : 1, U2 : 2, U3 : 0, CX : 2 }.\n\n"
Genesis_dataset,genesis,/Users/jbg/Development/particleSystem/QBlue_Benchmark_Datasets/Genesis_dataset/ethylene/JW_ethylene_sto3g_14_electrons_24_spin_orbitals_Hamiltonian_4497_paulis.txt,JW_ethylene_sto3g_14_electrons_24_spin_orbitals_Hamiltonian_4497_paulis.txt,0.5,0.01,std,0,none,Trotterization (1st-order),IBMDigital,4497,18397227,4091,,1.011053,False,466.209132,,,,,,,,,,,,,,Start analyze_one_circuit\nBefore lexing\nafter lexing\nbefore parser\nafter parser\nAfter parserAfter getting qubit 24\n,[DBG] Expected error: 0.500000;   t: 0.010000\n[DBG] Analyzing /var/folders/8l/ycc5vbn93_56mddr52w8zp040000gn/T/qblue_bench_xi0c9l82/JW_ethylene_sto3g_14_electrons_24_spin_orbitals_Hamiltonian_4497_paulis.txt.marqsim.txt:\n[DBG] Length of Pauli String 4497\n\n[DBG] ---- Trotterization (1st-order) -> IBMDigital circuits: ----\n[DBG] Dealing with 18397227 pauli strings; relaxation factor: 1.011053; splitting r: 4091.\n
Genesis_dataset,genesis,/Users/jbg/Development/particleSystem/QBlue_Benchmark_Datasets/Genesis_dataset/ethylene/JW_ethylene_sto3g_14_electrons_24_spin_orbitals_Hamiltonian_4497_paulis.txt,JW_ethylene_sto3g_14_electrons_24_spin_orbitals_Hamiltonian_4497_paulis.txt,0.5,0.01,qdrift,1,none,Trotterization (QDrift),IBMDigital,4497,12,,134.322508,1.250909,True,0.199953,24,43,6,0,9,28,"{""CX"": 28, ""H"": 6, ""Rzq"": 9, ""X"": 0}",9,1,2,0,6,"{""CX"": 6, ""U1"": 1, ""U2"": 2, ""U3"": 0}",Start analyze_one_circuit\nBefore lexing\nafter lexing\nbefore parser\nafter parser\nAfter parserAfter getting qubit 24\ndecompose to full gate set\ndecompose to voqc\nconvert to rzq\n,"[DBG] Expected error: 0.500000;   t: 0.010000\n[DBG] Analyzing /var/folders/8l/ycc5vbn93_56mddr52w8zp040000gn/T/qblue_bench_xi0c9l82/JW_ethylene_sto3g_14_electrons_24_spin_orbitals_Hamiltonian_4497_paulis.txt.marqsim.txt:\n[DBG] Length of Pauli String 4497\n\n[DBG] ---- Trotterization (QDrift) -> IBMDigital circuits: ----\n[DBG] Dealing with 12 pauli strings; lambda = 134.322508; relaxation factor: 1.250909.\n[DBG] Input circuit uses 24 qubits, has 43 gates:  { H : 6, X : 0, Rzq : 9, CX : 28 }.\n[DBG] After optimization, the circuit uses 9 gates : { U1 : 1, U2 : 2, U3 : 0, CX : 6 }.\n\n"
Genesis_dataset,genesis,/Users/jbg/Development/particleSystem/QBlue_Benchmark_Datasets/Genesis_dataset/ethylene/BK_ethylene_sto3g_14_electrons_24_spin_orbitals_Hamiltonian_4497_paulis.txt,BK_ethylene_sto3g_14_electrons_24_spin_orbitals_Hamiltonian_4497_paulis.txt,0.5,0.01,std,0,none,Trotterization (1st-order),IBMDigital,4497,18397227,4091,,1.011053,False,518.593734,,,,,,,,,,,,,,Start analyze_one_circuit\nBefore lexing\nafter lexing\nbefore parser\nafter parser\nAfter parserAfter getting qubit 24\n,[DBG] Expected error: 0.500000;   t: 0.010000\n[DBG] Analyzing /var/folders/8l/ycc5vbn93_56mddr52w8zp040000gn/T/qblue_bench_xi0c9l82/BK_ethylene_sto3g_14_electrons_24_spin_orbitals_Hamiltonian_4497_paulis.txt.marqsim.txt:\n[DBG] Length of Pauli String 4497\n\n[DBG] ---- Trotterization (1st-order) -> IBMDigital circuits: ----\n[DBG] Dealing with 18397227 pauli strings; relaxation factor: 1.011053; splitting r: 4091.\n
Genesis_dataset,genesis,/Users/jbg/Development/particleSystem/QBlue_Benchmark_Datasets/Genesis_dataset/ethylene/BK_ethylene_sto3g_14_electrons_24_spin_orbitals_Hamiltonian_4497_paulis.txt,BK_ethylene_sto3g_14_electrons_24_spin_orbitals_Hamiltonian_4497_paulis.txt,0.5,0.01,qdrift,1,none,Trotterization (QDrift),IBMDigital,4497,12,,134.322508,1.250909,True,0.186346,24,61,18,0,13,30,"{""CX"": 30, ""H"": 18, ""Rzq"": 13, ""X"": 0}",15,1,4,0,10,"{""CX"": 10, ""U1"": 1, ""U2"": 4, ""U3"": 0}",Start analyze_one_circuit\nBefore lexing\nafter lexing\nbefore parser\nafter parser\nAfter parserAfter getting qubit 24\ndecompose to full gate set\ndecompose to voqc\nconvert to rzq\n,"[DBG] Expected error: 0.500000;   t: 0.010000\n[DBG] Analyzing /var/folders/8l/ycc5vbn93_56mddr52w8zp040000gn/T/qblue_bench_xi0c9l82/BK_ethylene_sto3g_14_electrons_24_spin_orbitals_Hamiltonian_4497_paulis.txt.marqsim.txt:\n[DBG] Length of Pauli String 4497\n\n[DBG] ---- Trotterization (QDrift) -> IBMDigital circuits: ----\n[DBG] Dealing with 12 pauli strings; lambda = 134.322508; relaxation factor: 1.250909.\n[DBG] Input circuit uses 24 qubits, has 61 gates:  { H : 18, X : 0, Rzq : 13, CX : 30 }.\n[DBG] After optimization, the circuit uses 15 gates : { U1 : 1, U2 : 4, U3 : 0, CX : 10 }.\n\n"
Genesis_dataset,genesis,/Users/jbg/Development/particleSystem/QBlue_Benchmark_Datasets/Genesis_dataset/ethylene/JW_ethylene_sto3g_16_electrons_28_spin_orbitals_Hamiltonian_8919_paulis.txt,JW_ethylene_sto3g_16_electrons_28_spin_orbitals_Hamiltonian_8919_paulis.txt,0.5,0.01,std,0,none,Trotterization (1st-order),IBMDigital,8919,142704000,16000,,1.00559,False,1232.823419,,,,,,,,,,,,,,Start analyze_one_circuit\nBefore lexing\nafter lexing\nbefore parser\nafter parser\nAfter parserAfter getting qubit 28\n,[DBG] Expected error: 0.500000;   t: 0.010000\n[DBG] Analyzing /var/folders/8l/ycc5vbn93_56mddr52w8zp040000gn/T/qblue_bench_xi0c9l82/JW_ethylene_sto3g_16_electrons_28_spin_orbitals_Hamiltonian_8919_paulis.txt.marqsim.txt:\n[DBG] Length of Pauli String 8919\n\n[DBG] ---- Trotterization (1st-order) -> IBMDigital circuits: ----\n[DBG] Dealing with 142704000 pauli strings; relaxation factor: 1.005590; splitting r: 16000.\n
Genesis_dataset,genesis,/Users/jbg/Development/particleSystem/QBlue_Benchmark_Datasets/Genesis_dataset/ethylene/JW_ethylene_sto3g_16_electrons_28_spin_orbitals_Hamiltonian_8919_paulis.txt,JW_ethylene_sto3g_16_electrons_28_spin_orbitals_Hamiltonian_8919_paulis.txt,0.5,0.01,qdrift,1,none,Trotterization (QDrift),IBMDigital,8919,25,,220.39568,1.192816,True,0.498223,28,51,10,0,17,24,"{""CX"": 24, ""H"": 10, ""Rzq"": 17, ""X"": 0}",5,1,1,1,2,"{""CX"": 2, ""U1"": 1, ""U2"": 1, ""U3"": 1}",Start analyze_one_circuit\nBefore lexing\nafter lexing\nbefore parser\nafter parser\nAfter parserAfter getting qubit 28\ndecompose to full gate set\ndecompose to voqc\nconvert to rzq\n,"[DBG] Expected error: 0.500000;   t: 0.010000\n[DBG] Analyzing /var/folders/8l/ycc5vbn93_56mddr52w8zp040000gn/T/qblue_bench_xi0c9l82/JW_ethylene_sto3g_16_electrons_28_spin_orbitals_Hamiltonian_8919_paulis.txt.marqsim.txt:\n[DBG] Length of Pauli String 8919\n\n[DBG] ---- Trotterization (QDrift) -> IBMDigital circuits: ----\n[DBG] Dealing with 25 pauli strings; lambda = 220.395680; relaxation factor: 1.192816.\n[DBG] Input circuit uses 28 qubits, has 51 gates:  { H : 10, X : 0, Rzq : 17, CX : 24 }.\n[DBG] After optimization, the circuit uses 5 gates : { U1 : 1, U2 : 1, U3 : 1, CX : 2 }.\n\n"
Genesis_dataset,genesis,/Users/jbg/Development/particleSystem/QBlue_Benchmark_Datasets/Genesis_dataset/ethylene/BK_ethylene_sto3g_16_electrons_28_spin_orbitals_Hamiltonian_8919_paulis.txt,BK_ethylene_sto3g_16_electrons_28_spin_orbitals_Hamiltonian_8919_paulis.txt,0.5,0.01,std,0,none,Trotterization (1st-order),IBMDigital,8919,142704000,16000,,1.00559,False,1241.430597,,,,,,,,,,,,,,Start analyze_one_circuit\nBefore lexing\nafter lexing\nbefore parser\nafter parser\nAfter parserAfter getting qubit 28\n,[DBG] Expected error: 0.500000;   t: 0.010000\n[DBG] Analyzing /var/folders/8l/ycc5vbn93_56mddr52w8zp040000gn/T/qblue_bench_xi0c9l82/BK_ethylene_sto3g_16_electrons_28_spin_orbitals_Hamiltonian_8919_paulis.txt.marqsim.txt:\n[DBG] Length of Pauli String 8919\n\n[DBG] ---- Trotterization (1st-order) -> IBMDigital circuits: ----\n[DBG] Dealing with 142704000 pauli strings; relaxation factor: 1.005590; splitting r: 16000.\n
Genesis_dataset,genesis,/Users/jbg/Development/particleSystem/QBlue_Benchmark_Datasets/Genesis_dataset/ethylene/BK_ethylene_sto3g_16_electrons_28_spin_orbitals_Hamiltonian_8919_paulis.txt,BK_ethylene_sto3g_16_electrons_28_spin_orbitals_Hamiltonian_8919_paulis.txt,0.5,0.01,qdrift,1,none,Trotterization (QDrift),IBMDigital,8919,25,,220.39568,1.192816,True,0.535341,28,65,20,0,15,30,"{""CX"": 30, ""H"": 20, ""Rzq"": 15, ""X"": 0}",18,3,6,0,9,"{""CX"": 9, ""U1"": 3, ""U2"": 6, ""U3"": 0}",Start analyze_one_circuit\nBefore lexing\nafter lexing\nbefore parser\nafter parser\nAfter parserAfter getting qubit 28\ndecompose to full gate set\ndecompose to voqc\nconvert to rzq\n,"[DBG] Expected error: 0.500000;   t: 0.010000\n[DBG] Analyzing /var/folders/8l/ycc5vbn93_56mddr52w8zp040000gn/T/qblue_bench_xi0c9l82/BK_ethylene_sto3g_16_electrons_28_spin_orbitals_Hamiltonian_8919_paulis.txt.marqsim.txt:\n[DBG] Length of Pauli String 8919\n\n[DBG] ---- Trotterization (QDrift) -> IBMDigital circuits: ----\n[DBG] Dealing with 25 pauli strings; lambda = 220.395680; relaxation factor: 1.192816.\n[DBG] Input circuit uses 28 qubits, has 65 gates:  { H : 20, X : 0, Rzq : 15, CX : 30 }.\n[DBG] After optimization, the circuit uses 18 gates : { U1 : 3, U2 : 6, U3 : 0, CX : 9 }.\n\n"
Genesis_dataset,genesis,/Users/jbg/Development/particleSystem/QBlue_Benchmark_Datasets/Genesis_dataset/benzene/JW_benzene_sto3g_42_electrons_72_spin_orbitals_Hamiltonian_368021_paulis.txt,JW_benzene_sto3g_42_electrons_72_spin_orbitals_Hamiltonian_368021_paulis.txt,0.5,0.01,std,0,none,,,,,,,,False,1800.028592,,,,,,,,,,,,,,Start analyze_one_circuit\nBefore lexing\nafter lexing\nbefore parser\n,[DBG] Expected error: 0.500000;   t: 0.010000\n[DBG] Analyzing /var/folders/8l/ycc5vbn93_56mddr52w8zp040000gn/T/qblue_bench_xi0c9l82/JW_benzene_sto3g_42_electrons_72_spin_orbitals_Hamiltonian_368021_paulis.txt.marqsim.txt:\n
Genesis_dataset,genesis,/Users/jbg/Development/particleSystem/QBlue_Benchmark_Datasets/Genesis_dataset/benzene/JW_benzene_sto3g_42_electrons_72_spin_orbitals_Hamiltonian_368021_paulis.txt,JW_benzene_sto3g_42_electrons_72_spin_orbitals_Hamiltonian_368021_paulis.txt,0.5,0.01,qdrift,1,none,,,,,,,,False,1800.029666,,,,,,,,,,,,,,Start analyze_one_circuit\nBefore lexing\nafter lexing\nbefore parser\n,[DBG] Expected error: 0.500000;   t: 0.010000\n[DBG] Analyzing /var/folders/8l/ycc5vbn93_56mddr52w8zp040000gn/T/qblue_bench_xi0c9l82/JW_benzene_sto3g_42_electrons_72_spin_orbitals_Hamiltonian_368021_paulis.txt.marqsim.txt:\n
Genesis_dataset,genesis,/Users/jbg/Development/particleSystem/QBlue_Benchmark_Datasets/Genesis_dataset/benzene/BK_benzene_sto3g_42_electrons_72_spin_orbitals_Hamiltonian_368021_paulis.txt,BK_benzene_sto3g_42_electrons_72_spin_orbitals_Hamiltonian_368021_paulis.txt,0.5,0.01,std,0,none,,,,,,,,False,1800.023832,,,,,,,,,,,,,,Start analyze_one_circuit\nBefore lexing\nafter lexing\nbefore parser\n,[DBG] Expected error: 0.500000;   t: 0.010000\n[DBG] Analyzing /var/folders/8l/ycc5vbn93_56mddr52w8zp040000gn/T/qblue_bench_xi0c9l82/BK_benzene_sto3g_42_electrons_72_spin_orbitals_Hamiltonian_368021_paulis.txt.marqsim.txt:\n
Genesis_dataset,genesis,/Users/jbg/Development/particleSystem/QBlue_Benchmark_Datasets/Genesis_dataset/benzene/BK_benzene_sto3g_42_electrons_72_spin_orbitals_Hamiltonian_368021_paulis.txt,BK_benzene_sto3g_42_electrons_72_spin_orbitals_Hamiltonian_368021_paulis.txt,0.5,0.01,qdrift,1,none,,,,,,,,False,1800.029831,,,,,,,,,,,,,,Start analyze_one_circuit\nBefore lexing\nafter lexing\nbefore parser\n,[DBG] Expected error: 0.500000;   t: 0.010000\n[DBG] Analyzing /var/folders/8l/ycc5vbn93_56mddr52w8zp040000gn/T/qblue_bench_xi0c9l82/BK_benzene_sto3g_42_electrons_72_spin_orbitals_Hamiltonian_368021_paulis.txt.marqsim.txt:\n
